spec,env,r,p
EFOCG_EDG,C_SI,-0.058995000,0.000000010
EFOCG_EDG,C_S1,-0.084195000,0.000000000
EFOCG_EDG,C_SIO2,0.028508000,0.005169330
EFOCG_EDG,C_FEO,-0.085530000,0.000000000
EFOCG_EDG,C_V2O5,-0.023443000,0.021484430
EFOCG_EDG,CCO,-0.042383000,0.000032060
EFOCG_EDG,CCO2,-0.657203000,0.000000000
EFOCG_EDG,FOCA,0.042159000,0.000035290
EFOCG_EDG,AWS,0.915040000,0.000000000
EFOCG_EDG,FS,0.030235000,0.003019050
EFOCG_EDG,TOMI,0.023655000,0.020330760
EFOCG_EDG,TFP,0.347765000,0.000000000
EFOCG_EDG,TFT,0.355034000,0.000000000
EFOCG_EDG,SPOF,0.612872000,0.000000000
EFOCG_EDG,PDOIF,-0.050166000,0.000000850
EFOCG_EDG,PDOUF,0.644684000,0.000000000
EFOCG_EDG,OER,0.027200000,0.007630140
EFOCG_EDG,TCT,0.065873000,0.000000000
EFOCG_EDG,UROCG,-0.642608000,0.000000000
EFOCG_EDG,API,0.055992000,0.000000040
EFOCG_EDG,TOCW,0.425198000,0.000000000
EFOCG_CEN,C_SI,-0.037368000,0.000246430
EFOCG_CEN,C_S1,-0.051579000,0.000000420
EFOCG_CEN,C_NI,0.021944000,0.031375440
EFOCG_CEN,C_FEO,-0.053388000,0.000000160
EFOCG_CEN,CCO,0.870745000,0.000000000
EFOCG_CEN,CCO2,0.028460000,0.005244660
EFOCG_CEN,FOCA,0.029903000,0.003354850
EFOCG_CEN,POCA,0.156601000,0.000000000
EFOCG_CEN,AWS,-0.034602000,0.000687910
EFOCG_CEN,FS,0.022824000,0.025181670
EFOCG_CEN,TOMI,0.023365000,0.021922760
EFOCG_CEN,TFT,-0.178796000,0.000000000
EFOCG_CEN,SPOF,-0.396162000,0.000000000
EFOCG_CEN,PDOIF,0.340781000,0.000000000
EFOCG_CEN,PDOUF,-0.029864000,0.003396350
EFOCG_CEN,TCT,0.040101000,0.000083450
EFOCG_CEN,UROCG,-0.544480000,0.000000000
EFOCG_CEN,API,-0.155819000,0.000000000
EFOCG_CEN,SWS,0.796434000,0.000000000
EFOCG_CEN,ABT,0.021522000,0.034780260
CI,C_SI,-0.026856000,0.008433560
CI,C_S1,-0.039721000,0.000097430
CI,C_FEO,-0.036985000,0.000285250
CI,POCA,-0.345604000,0.000000000
CI,AWS,-0.021090000,0.038593580
CI,TFP,-0.153115000,0.000000000
CI,TFT,-0.350395000,0.000000000
CI,SPOF,-0.252680000,0.000000000
CI,PDOIF,-0.116134000,0.000000000
CI,PDOUF,-0.269012000,0.000000000
CI,PDOCF,-0.029648000,0.003635580
CI,TCT,0.030859000,0.002469630
CI,UROCG,0.049098000,0.000001450
CI,API,-0.072780000,0.000000000
CI,ABT,0.022796000,0.025362520
DSL,C_SI,-0.036016000,0.000410620
DSL,C_S1,-0.048354000,0.000002090
DSL,C_FEO,-0.052279000,0.000000290
DSL,C_TIO2,0.020432000,0.045072140
DSL,CCO,-0.029266000,0.004095370
DSL,CCO2,0.024438000,0.016530030
DSL,FOCA,0.024551000,0.016035820
DSL,AWS,-0.026068000,0.010560220
DSL,FS,-0.974879000,0.000000000
DSL,TOMI,0.031383000,0.002080950
DSL,TFP,0.384574000,0.000000000
DSL,TFT,0.418934000,0.000000000
DSL,PDOIF,-0.029817000,0.003446730
DSL,PDOUF,-0.028932000,0.004540190
DSL,TCT,0.050579000,0.000000690
DSL,UROCG,-0.176145000,0.000000000
DSL,API,0.032057000,0.001663340
MC,C_SI,-0.026845000,0.008460100
MC,C_S1,-0.036987000,0.000285100
MC,C_FEO,-0.037193000,0.000263520
MC,FOCA,0.020264000,0.046873120
MC,AWS,-0.025504000,0.012363720
MC,TFP,-0.198492000,0.000000000
MC,PDOIF,-0.053579000,0.000000150
MC,PDOUF,-0.022040000,0.030641180
MC,TCT,0.031465000,0.002025550
MC,UROCG,0.046862000,0.000004260
MC,API,-0.050947000,0.000000570
MC,ABT,0.026996000,0.008098290
Hanging,C_SI,-0.044608000,0.000012040
Hanging,C_S1,-0.063705000,0.000000000
Hanging,C_FEO,-0.062279000,0.000000000
Hanging,C_S2,0.025460000,0.012515010
Hanging,BA,0.020509000,0.044273930
Hanging,CCO,-0.026522000,0.009282980
Hanging,CCO2,0.035694000,0.000462530
Hanging,FOCA,-0.823549000,0.000000000
Hanging,POCA,0.795216000,0.000000000
Hanging,AWS,-0.040171000,0.000081090
Hanging,FS,0.024673000,0.015518650
Hanging,TOMI,0.035233000,0.000547650
Hanging,TFP,-0.342679000,0.000000000
Hanging,TFT,-0.286357000,0.000000000
Hanging,PDOIF,0.803737000,0.000000000
Hanging,PDOUF,-0.032098000,0.001640380
Hanging,OER,0.020024000,0.049535810
Hanging,TCT,0.044434000,0.000013020
Hanging,UROCG,0.074186000,0.000000000
Hanging,API,-0.779397000,0.000000000
Hanging,SWS,-0.523970000,0.000000000
IFC,C_SI,-0.072321000,0.000000000
IFC,C_S1,-0.103295000,0.000000000
IFC,C_MGO,-0.024332000,0.017007000
IFC,C_FEO,-0.103345000,0.000000000
IFC,CCO,-0.036884000,0.000296440
IFC,CCO2,0.055316000,0.000000060
IFC,FOCA,0.047130000,0.000003750
IFC,AWS,-0.062099000,0.000000000
IFC,FS,0.036965000,0.000287430
IFC,BWOC,-0.020252000,0.046998290
IFC,TOMI,0.040980000,0.000058060
IFC,TFP,0.025754000,0.011533360
IFC,PDOIF,-0.059482000,0.000000010
IFC,PDOUF,-0.040973000,0.000058240
IFC,OER,0.032436000,0.001463450
IFC,TCT,0.082507000,0.000000000
IFC,UROCG,0.122775000,0.000000000
IFC,TLOF,0.021983000,0.031076650
IFC,API,0.067816000,0.000000000
HC,C_C,0.021387000,0.035935510
HC,C_SI,0.891678000,0.000000000
HC,C_S1,0.953342000,0.000000000
HC,C_SIO2,-0.023457000,0.021407910
HC,C_FEO,0.953956000,0.000000000
HC,CCO,-0.041375000,0.000049220
HC,CCO2,0.054921000,0.000000070
HC,FOCA,0.064389000,0.000000000
HC,POCA,-0.392527000,0.000000000
HC,AWS,-0.077298000,0.000000000
HC,FS,0.054362000,0.000000100
HC,TOMI,-0.563209000,0.000000000
HC,TFP,-0.369527000,0.000000000
HC,TFT,-0.023283000,0.022392020
HC,PDOIF,-0.080026000,0.000000000
HC,PDOUF,-0.074163000,0.000000000
HC,OER,-0.707892000,0.000000000
HC,TCT,-0.889309000,0.000000000
HC,UROCG,-0.258670000,0.000000000
HC,BGV,0.025312000,0.013038150
HC,TLOF,-0.628111000,0.000000000
HC,API,0.091921000,0.000000000
OH,C_SI,-0.441615000,0.000000000
OH,C_S1,-0.071014000,0.000000000
OH,C_FEO,-0.074248000,0.000000000
OH,CCO,-0.027406000,0.007183450
OH,CCO2,0.028116000,0.005817640
OH,FOCA,0.031387000,0.002077750
OH,POCA,0.145619000,0.000000000
OH,AWS,-0.046951000,0.000004090
OH,FS,0.020200000,0.047566810
OH,BWOC,0.023863000,0.019253910
OH,TOMI,0.322908000,0.000000000
OH,TFP,0.021431000,0.035557170
OH,PDOIF,-0.042091000,0.000036330
OH,PDOUF,-0.036493000,0.000343620
OH,OER,0.728232000,0.000000000
OH,TCT,0.298354000,0.000000000
OH,UROCG,0.085768000,0.000000000
OH,TLOF,0.782962000,0.000000000
OH,API,-0.113289000,0.000000000
WA,C_SI,-0.043074000,0.000023760
WA,C_S1,-0.061379000,0.000000000
WA,C_FEO,-0.061306000,0.000000000
WA,CCO2,0.039962000,0.000088330
WA,FOCA,0.035301000,0.000534130
WA,AWS,-0.040194000,0.000080350
WA,FS,0.024751000,0.015194770
WA,TOMI,0.043896000,0.000016550
WA,TFP,0.219053000,0.000000000
WA,TFT,0.128466000,0.000000000
WA,SPOF,-0.353382000,0.000000000
WA,PDOIF,-0.037072000,0.000275960
WA,PDOUF,0.329229000,0.000000000
WA,PDOCF,0.023036000,0.023858840
WA,TCT,0.053354000,0.000000160
WA,UROCG,0.076647000,0.000000000
WA,API,0.045911000,0.000006640
WA,TOCW,-0.769832000,0.000000000
HA,C_SI,-0.030922000,0.002419560
HA,C_S1,-0.046399000,0.000005290
HA,C_FEO,-0.045261000,0.000008950
HA,C_S2,0.026196000,0.010186110
HA,CCO2,0.023368000,0.021909140
HA,FOCA,-0.218466000,0.000000000
HA,AWS,-0.026851000,0.008444820
HA,TOMI,-0.055336000,0.000000060
HA,TFP,-0.131120000,0.000000000
HA,PDOIF,0.156903000,0.000000000
HA,PDOUF,-0.025304000,0.013067810
HA,TCT,0.034880000,0.000622440
HA,UROCG,0.051234000,0.000000500
HA,BGV,-0.435725000,0.000000000
HA,TLOF,-0.086024000,0.000000000
HA,API,-0.158542000,0.000000000
Normal,C_SI,-0.282800000,0.000000000
Normal,C_S1,-0.409764000,0.000000000
Normal,C_MGO,0.021810000,0.032426690
Normal,C_FEO,-0.407996000,0.000000000
Normal,CCO,-0.154402000,0.000000000
Normal,CCO2,0.167229000,0.000000000
Normal,FOCA,0.206062000,0.000000000
Normal,POCA,-0.034779000,0.000645360
Normal,AWS,-0.251422000,0.000000000
Normal,FS,0.158451000,0.000000000
Normal,TOMI,0.180803000,0.000000000
Normal,TFP,0.104641000,0.000000000
Normal,TFT,-0.071227000,0.000000000
Normal,PDOIF,-0.240258000,0.000000000
Normal,PDOUF,-0.225680000,0.000000000
Normal,OER,0.125892000,0.000000000
Normal,TCT,0.316976000,0.000000000
Normal,UROCG,0.492545000,0.000000000
Normal,BGV,0.068580000,0.000000000
Normal,TLOF,0.092758000,0.000000000
Normal,API,0.280944000,0.000000000
Normal,TOCW,0.047275000,0.000003500
Normal,SWS,-0.037730000,0.000214350
