Var1,Var2,R value,P value
C_C,C_C,1.000000000,0.000000000
C_C,C_SI,-0.216043200,0.832207433
C_C,C_MN,-0.535376100,0.599554699
C_C,C_P,0.284933900,0.779913368
C_C,C_S1,0.155889900,0.878493257
C_C,C_CU,-0.129838220,0.202889537
C_C,C_MO,0.328942000,0.974265535
C_C,C_CAO,-0.525872800,0.606049275
C_C,C_SIO2,-0.168767540,0.097883580
C_C,C_MGO,0.100279860,0.325382154
C_C,C_AL2O3,0.114966670,0.259530214
C_C,C_FEO,0.826387000,0.935407921
C_C,C_S2,0.213158400,0.036558779
C_C,BA,0.112001290,0.272021883
C_C,CCO,-0.720263000,0.479962560
C_C,CCO2,-0.712443500,0.484743250
C_C,CH2,0.234663700,0.817988949
C_C,CN2,-0.459086900,0.652549229
C_C,C_SO2,0.303134500,0.766251841
C_C,PE,0.101759340,0.318294847
C_C,FOCA,0.821243100,0.420590487
C_C,POCA,0.244792600,0.810279379
C_C,OEF,0.182925810,0.072799996
C_C,OEP,0.102081590,0.316764697
C_C,TOHA,-0.720767300,0.479655085
C_C,POHA,0.198203890,0.051901024
C_C,AWS,0.568116800,0.577424871
C_C,FOCW,0.246345500,0.809098963
C_C,BKE,0.250012240,0.014197600
C_C,FOTCW,0.519149700,0.610662810
C_C,CIV,0.168861080,0.097697653
C_C,FS,0.596094500,0.558824646
C_C,FA,0.168554840,0.098307384
C_C,NOCR,0.576914000,0.571544927
C_C,BWOO,-0.129828340,0.202923918
C_C,BWOC,0.173545400,0.864857460
C_C,TOMI,0.251126900,0.805467317
C_C,TFP,-0.594567300,0.559832397
C_C,TFT,0.430860300,0.672629687
C_C,SPOF,0.473688700,0.642258294
C_C,PDOIF,-0.446347400,0.661582071
C_C,PDOUF,0.590851800,0.562287840
C_C,PDOCF,-0.200665100,0.843991748
C_C,OER,0.402446800,0.693081591
C_C,TCT,0.408280900,0.688863356
C_C,UROCG,0.176761900,0.862377473
C_C,BGV,0.167018900,0.869893586
C_C,TLOF,0.309483000,0.975787446
C_C,API,0.554974000,0.956596063
C_C,TOCW,0.391400000,0.996937431
C_C,SWS,0.339762300,0.738981827
C_C,FOCG,-0.143666480,0.158837112
C_C,TOCA,0.123025670,0.227607697
C_C,AH,0.474127200,0.641950288
C_SI,C_C,-0.216043200,0.832207433
C_SI,C_SI,1.000000000,0.000000000
C_SI,C_MN,-0.431139000,0.966274449
C_SI,C_P,-0.393063000,0.699886356
C_SI,C_S1,0.849624536,0.000000000
C_SI,C_CU,-0.132853280,0.192597154
C_SI,C_MO,-0.558270900,0.584039302
C_SI,C_CAO,-0.610430900,0.549407513
C_SI,C_SIO2,0.168461930,0.098492957
C_SI,C_MGO,-0.180234010,0.077114773
C_SI,C_AL2O3,-0.110194660,0.279830947
C_SI,C_FEO,0.847420260,0.000000000
C_SI,C_S2,-0.896660600,0.379204799
C_SI,BA,-0.113479390,0.265744842
C_SI,CCO,-0.374269090,0.000240942
C_SI,CCO2,0.433613060,0.000020962
C_SI,CH2,0.434917800,0.669728332
C_SI,CN2,-0.379218000,0.709970253
C_SI,C_SO2,-0.659991200,0.517468297
C_SI,PE,0.131050900,0.897737332
C_SI,FOCA,0.514703970,0.000000440
C_SI,POCA,-0.372211060,0.000000000
C_SI,OEF,-0.200084900,0.844437101
C_SI,OEP,-0.412803400,0.685600048
C_SI,TOHA,-0.280063100,0.783581157
C_SI,POHA,0.128762400,0.899513538
C_SI,AWS,-0.525697140,0.000000248
C_SI,FOCW,0.488532500,0.631866724
C_SI,BKE,-0.136821180,0.179643857
C_SI,FOTCW,-0.102201900,0.920163126
C_SI,CIV,-0.464534500,0.648702040
C_SI,FS,-0.121312760,0.234146995
C_SI,FA,-0.284222600,0.780448649
C_SI,NOCR,0.763944400,0.453735191
C_SI,BWOO,-0.249059200,0.807037270
C_SI,BWOC,0.401036100,0.694103022
C_SI,TOMI,-0.628852711,0.000000000
C_SI,TFP,-0.380697671,0.000000000
C_SI,TFT,-0.507513100,0.618684559
C_SI,SPOF,-0.380902700,0.708740416
C_SI,PDOIF,-0.499260950,0.000000962
C_SI,PDOUF,-0.418656820,0.000039993
C_SI,PDOCF,0.164413800,0.106853992
C_SI,OER,-0.886582405,0.000000000
C_SI,TCT,-0.876823195,0.000000000
C_SI,UROCG,-0.345348406,0.000000000
C_SI,BGV,-0.618983100,0.543827411
C_SI,TLOF,-0.836531248,0.000000000
C_SI,API,0.202157782,0.000000000
C_SI,TOCW,0.128203530,0.208634514
C_SI,SWS,-0.917227700,0.368368517
C_SI,FOCG,-0.785892700,0.440868249
C_SI,TOCA,-0.208761000,0.983666068
C_SI,AH,0.262124600,0.797130080
C_MN,C_C,-0.535376100,0.599554699
C_MN,C_SI,-0.431139000,0.966274449
C_MN,C_MN,1.000000000,0.000000000
C_MN,C_P,0.108973170,0.285196246
C_MN,C_S1,0.322960000,0.751453052
C_MN,C_CU,0.476116400,0.640553893
C_MN,C_MO,-0.248472100,0.807483259
C_MN,C_CAO,0.477520000,0.996263529
C_MN,C_SIO2,0.204705300,0.840892214
C_MN,C_MGO,-0.164214600,0.872059127
C_MN,C_AL2O3,-0.104470540,0.305571527
C_MN,C_FEO,0.156783900,0.877801901
C_MN,C_S2,-0.147235130,0.148740024
C_MN,BA,0.722602100,0.478537474
C_MN,CCO,-0.103880960,0.308309254
C_MN,CCO2,-0.277282500,0.785677174
C_MN,CH2,-0.117589050,0.248819199
C_MN,CN2,0.691692800,0.497554061
C_MN,C_SO2,-0.102991050,0.312472219
C_MN,PE,-0.253490800,0.803673359
C_MN,FOCA,-0.967035700,0.342934500
C_MN,POCA,-0.740330000,0.942121791
C_MN,OEF,-0.105954000,0.991709502
C_MN,OEP,-0.136517930,0.180610380
C_MN,TOHA,-0.625643000,0.951075649
C_MN,POHA,-0.524122600,0.607248834
C_MN,AWS,-0.159004300,0.876085205
C_MN,FOCW,0.824584800,0.418702363
C_MN,BKE,0.131080420,0.198601602
C_MN,FOTCW,-0.897038700,0.379003829
C_MN,CIV,-0.588792400,0.563651089
C_MN,FS,0.372239600,0.715072341
C_MN,FA,0.620230100,0.543016085
C_MN,NOCR,-0.210146230,0.039292783
C_MN,BWOO,-0.934935300,0.359194875
C_MN,BWOC,0.102770720,0.313508588
C_MN,TOMI,0.186436300,0.854926610
C_MN,TFP,-0.102094790,0.316702089
C_MN,TFT,-0.849776000,0.933583893
C_MN,SPOF,0.405634100,0.690775858
C_MN,PDOIF,0.156598130,0.124579079
C_MN,PDOUF,0.425700600,0.676326196
C_MN,PDOCF,-0.523039400,0.607991734
C_MN,OER,-0.182819000,0.985695589
C_MN,TCT,-0.274720500,0.787609774
C_MN,UROCG,0.437548300,0.667849966
C_MN,BGV,0.991917900,0.330659459
C_MN,TLOF,0.112634500,0.912045019
C_MN,API,-0.299745900,0.768789944
C_MN,TOCW,0.407672800,0.689302601
C_MN,SWS,-0.124781370,0.221041168
C_MN,FOCG,-0.682058600,0.503562559
C_MN,TOCA,0.490067000,0.961668155
C_MN,AH,-0.166058000,0.870635511
C_P,C_C,0.284933900,0.779913368
C_P,C_SI,-0.393063000,0.699886356
C_P,C_MN,0.108973170,0.285196246
C_P,C_P,1.000000000,0.000000000
C_P,C_S1,-0.651891800,0.522621512
C_P,C_CU,0.187515980,0.065899091
C_P,C_MO,0.645983600,0.526397181
C_P,C_CAO,-0.608838500,0.550449637
C_P,C_SIO2,-0.583347800,0.567262771
C_P,C_MGO,-0.185232570,0.069261471
C_P,C_AL2O3,0.676989600,0.506739216
C_P,C_FEO,-0.627431900,0.538342558
C_P,C_S2,-0.460909300,0.651261157
C_P,BA,-0.120035400,0.239109361
C_P,CCO,-0.600659400,0.555817625
C_P,CCO2,-0.815463700,0.423867740
C_P,CH2,0.722780000,0.994344440
C_P,CN2,0.853734700,0.402444697
C_P,C_SO2,0.117917300,0.907937694
C_P,PE,-0.115878650,0.255769612
C_P,FOCA,0.482690000,0.635948285
C_P,POCA,-0.640069600,0.530190452
C_P,OEF,-0.434087700,0.670321487
C_P,OEP,-0.213117000,0.983325314
C_P,TOHA,-0.211575220,0.037974838
C_P,POHA,-0.572339900,0.574598666
C_P,AWS,-0.520321700,0.609857422
C_P,FOCW,-0.111525670,0.274063128
C_P,BKE,0.792096500,0.437269607
C_P,FOTCW,0.944726600,0.354184551
C_P,CIV,-0.284126100,0.780521276
C_P,FS,-0.102399800,0.315258426
C_P,FA,-0.821967500,0.420180738
C_P,NOCR,0.728881100,0.474723445
C_P,BWOO,-0.319512100,0.754020322
C_P,BWOC,0.718399000,0.481099843
C_P,TOMI,0.101744400,0.920519331
C_P,TFP,0.512703700,0.615100696
C_P,TFT,-0.611473000,0.952182369
C_P,SPOF,0.195176000,0.984728902
C_P,PDOIF,-0.565206600,0.579376245
C_P,PDOUF,-0.340790000,0.997333401
C_P,PDOCF,-0.188428580,0.064593439
C_P,OER,0.183073100,0.857515376
C_P,TCT,0.146026600,0.152103063
C_P,UROCG,0.460409200,0.651614512
C_P,BGV,0.415915100,0.683358138
C_P,TLOF,0.774578000,0.939449367
C_P,API,0.126686410,0.214070971
C_P,TOCW,0.644278000,0.949620312
C_P,SWS,-0.314521000,0.757741549
C_P,FOCG,-0.735022500,0.471009255
C_P,TOCA,0.214901750,0.035051735
C_P,AH,0.565640500,0.579085087
C_S1,C_C,0.155889900,0.878493257
C_S1,C_SI,0.849624536,0.000000000
C_S1,C_MN,0.322960000,0.751453052
C_S1,C_P,-0.651891800,0.522621512
C_S1,C_S1,1.000000000,0.000000000
C_S1,C_CU,-0.166150650,0.103200267
C_S1,C_MO,0.168837700,0.868489576
C_S1,C_CAO,0.134897400,0.894753025
C_S1,C_SIO2,0.129611700,0.203678673
C_S1,C_MGO,-0.203311100,0.046146076
C_S1,C_AL2O3,-0.576631000,0.954904041
C_S1,C_FEO,0.909164261,0.000000000
C_S1,C_S2,0.223042500,0.826856083
C_S1,BA,-0.165403200,0.104760276
C_S1,CCO,-0.514126510,0.000000453
C_S1,CCO2,0.543372610,0.000000097
C_S1,CH2,0.655235900,0.520490643
C_S1,CN2,-0.323648600,0.750940660
C_S1,C_SO2,-0.149289700,0.883600294
C_S1,PE,0.614664200,0.546641870
C_S1,FOCA,0.715639960,0.000000000
C_S1,POCA,-0.362124940,0.000000000
C_S1,OEF,-0.446315000,0.965088061
C_S1,OEP,-0.271920800,0.789723137
C_S1,TOHA,-0.961496000,0.345706541
C_S1,POHA,0.570165400,0.576053098
C_S1,AWS,-0.804396760,0.000000000
C_S1,FOCW,0.668436200,0.512123349
C_S1,BKE,-0.557056200,0.584857780
C_S1,FOTCW,-0.789669000,0.438675741
C_S1,CIV,0.222454200,0.827305561
C_S1,FS,-0.793858700,0.436250511
C_S1,FA,-0.228905400,0.822379756
C_S1,NOCR,0.257328400,0.800763226
C_S1,BWOO,0.195676500,0.847822189
C_S1,BWOC,-0.232540900,0.819606966
C_S1,TOMI,-0.577227492,0.000000000
C_S1,TFP,-0.409737376,0.000000000
C_S1,TFT,-0.686020000,0.501087357
C_S1,SPOF,-0.631796700,0.535519882
C_S1,PDOIF,-0.686727520,0.000000000
C_S1,PDOUF,-0.602326450,0.000000003
C_S1,PDOCF,0.914596700,0.369743875
C_S1,OER,-0.673059878,0.000000000
C_S1,TCT,-0.866624216,0.000000000
C_S1,UROCG,-0.343045541,0.000000000
C_S1,BGV,0.107645670,0.291105595
C_S1,TLOF,-0.594422111,0.000000000
C_S1,API,0.111012337,0.000000000
C_S1,TOCW,0.164142840,0.107433129
C_S1,SWS,-0.110044570,0.280486494
C_S1,FOCG,-0.128694560,0.206896601
C_S1,TOCA,0.258386200,0.799961575
C_S1,AH,0.464569700,0.648677178
C_CU,C_C,-0.129838220,0.202889537
C_CU,C_SI,-0.132853280,0.192597154
C_CU,C_MN,0.476116400,0.640553893
C_CU,C_P,0.187515980,0.065899091
C_CU,C_S1,-0.166150650,0.103200267
C_CU,C_CU,1.000000000,0.000000000
C_CU,C_MO,-0.248870200,0.807180830
C_CU,C_CAO,-0.261670300,0.797474077
C_CU,C_SIO2,-0.914785000,0.928516142
C_CU,C_MGO,0.510338000,0.616732978
C_CU,C_AL2O3,-0.667297700,0.512842197
C_CU,C_FEO,-0.139874430,0.170125845
C_CU,C_S2,-0.671942500,0.509912623
C_CU,BA,-0.250743500,0.805758384
C_CU,CCO,-0.840108800,0.409996591
C_CU,CCO2,-0.884663000,0.385615627
C_CU,CH2,0.419477400,0.680795032
C_CU,CN2,0.531140500,0.602445474
C_CU,C_SO2,0.427372800,0.675127351
C_CU,PE,-0.951264200,0.350863853
C_CU,FOCA,-0.103621000,0.309521518
C_CU,POCA,0.304420800,0.765288980
C_CU,OEF,0.304733600,0.765054908
C_CU,OEP,-0.151504350,0.137313233
C_CU,TOHA,0.200186620,0.049599251
C_CU,POHA,0.479172900,0.638410730
C_CU,AWS,0.118364300,0.907590314
C_CU,FOCW,-0.184952400,0.856068620
C_CU,BKE,0.306106100,0.764028048
C_CU,FOTCW,-0.155760490,0.126607433
C_CU,CIV,-0.221153300,0.030075827
C_CU,FS,-0.544331900,0.593463293
C_CU,FA,0.230587490,0.023719297
C_CU,NOCR,0.128365840,0.208058901
C_CU,BWOO,0.151075400,0.882218077
C_CU,BWOC,0.107572760,0.291432513
C_CU,TOMI,0.164766750,0.106103328
C_CU,TFP,0.155557010,0.127104022
C_CU,TFT,0.885567000,0.930793464
C_CU,SPOF,0.186796400,0.854649502
C_CU,PDOIF,0.140115630,0.169390348
C_CU,PDOUF,0.296836200,0.770971379
C_CU,PDOCF,-0.721968600,0.478923159
C_CU,OER,0.608512800,0.550662944
C_CU,TCT,0.125450870,0.218573275
C_CU,UROCG,0.125257380,0.219284482
C_CU,BGV,-0.628272300,0.537798472
C_CU,TLOF,0.619628000,0.951545426
C_CU,API,0.206436700,0.839564655
C_CU,TOCW,0.989613000,0.331784414
C_CU,SWS,-0.990045400,0.331573198
C_CU,FOCG,0.557675500,0.584440380
C_CU,TOCA,0.465200700,0.648232173
C_CU,AH,0.136299220,0.181309832
C_MO,C_C,0.328942000,0.974265535
C_MO,C_SI,-0.558270900,0.584039302
C_MO,C_MN,-0.248472100,0.807483259
C_MO,C_P,0.645983600,0.526397181
C_MO,C_S1,0.168837700,0.868489576
C_MO,C_CU,-0.248870200,0.807180830
C_MO,C_MO,1.000000000,0.000000000
C_MO,C_CAO,-0.112629790,0.269340532
C_MO,C_SIO2,-0.634529000,0.950381635
C_MO,C_MGO,-0.531310000,0.602329657
C_MO,C_AL2O3,-0.300494500,0.768229017
C_MO,C_FEO,0.128840500,0.899452927
C_MO,C_S2,-0.766018000,0.452510594
C_MO,BA,0.106158080,0.297824749
C_MO,CCO,-0.658069800,0.518688390
C_MO,CCO2,0.358521900,0.725138670
C_MO,CH2,-0.362665000,0.971628282
C_MO,CN2,0.100299200,0.325288850
C_MO,C_SO2,0.507520300,0.618679607
C_MO,PE,-0.126268360,0.215586800
C_MO,FOCA,-0.585694800,0.565704557
C_MO,POCA,0.912960900,0.370600605
C_MO,OEF,0.174610320,0.086801997
C_MO,OEP,0.851202000,0.933472765
C_MO,TOHA,-0.187580000,0.854046646
C_MO,POHA,0.185418070,0.068983151
C_MO,AWS,0.960797000,0.924930973
C_MO,FOCW,-0.165926970,0.103665159
C_MO,BKE,-0.114949100,0.910245186
C_MO,FOTCW,-0.151500050,0.137324387
C_MO,CIV,-0.196964470,0.053384775
C_MO,FS,-0.129941100,0.898598613
C_MO,FA,-0.121008120,0.235323800
C_MO,NOCR,-0.252879200,0.804137404
C_MO,BWOO,-0.209579490,0.039826124
C_MO,BWOC,0.509400900,0.617380101
C_MO,TOMI,0.179168990,0.078878474
C_MO,TFP,0.264053600,0.795670098
C_MO,TFT,-0.505619500,0.619994281
C_MO,SPOF,-0.317296000,0.975176372
C_MO,PDOIF,0.235742700,0.817166830
C_MO,PDOUF,-0.119458160,0.241376050
C_MO,PDOCF,0.130069860,0.202084876
C_MO,OER,0.605253900,0.552799087
C_MO,TCT,-0.271589100,0.789973643
C_MO,UROCG,-0.379048000,0.710094326
C_MO,BGV,-0.104949290,0.303360334
C_MO,TLOF,0.873727700,0.391516127
C_MO,API,-0.150989920,0.138653162
C_MO,TOCW,0.113529950,0.265531934
C_MO,SWS,-0.367615700,0.718460027
C_MO,FOCG,-0.518165100,0.611339725
C_MO,TOCA,-0.358736700,0.724980709
C_MO,AH,0.167547700,0.869485398
C_CAO,C_C,-0.525872800,0.606049275
C_CAO,C_SI,-0.610430900,0.549407513
C_CAO,C_MN,0.477520000,0.996263529
C_CAO,C_P,-0.608838500,0.550449637
C_CAO,C_S1,0.134897400,0.894753025
C_CAO,C_CU,-0.261670300,0.797474077
C_CAO,C_MO,-0.112629790,0.269340532
C_CAO,C_CAO,1.000000000,0.000000000
C_CAO,C_SIO2,-0.126640260,0.214237917
C_CAO,C_MGO,-0.142614720,0.161909753
C_CAO,C_AL2O3,0.118273800,0.907660661
C_CAO,C_FEO,0.600300500,0.556053738
C_CAO,C_S2,0.239512860,0.018813187
C_CAO,BA,-0.152910910,0.133700575
C_CAO,CCO,-0.136700010,0.180029576
C_CAO,CCO2,0.316701500,0.756115111
C_CAO,CH2,0.156614360,0.124540027
C_CAO,CN2,0.224196330,0.027881897
C_CAO,C_SO2,-0.530852600,0.602642147
C_CAO,PE,-0.654255000,0.948841186
C_CAO,FOCA,0.415963500,0.683323307
C_CAO,POCA,0.260339100,0.798482099
C_CAO,OEF,0.523751400,0.607503361
C_CAO,OEP,-0.196877500,0.053490194
C_CAO,TOHA,-0.928126000,0.362705369
C_CAO,POHA,-0.250541000,0.805912103
C_CAO,AWS,0.640261400,0.530067203
C_CAO,FOCW,0.150019400,0.883035417
C_CAO,BKE,-0.132683840,0.193165196
C_CAO,FOTCW,-0.348181500,0.732758368
C_CAO,CIV,-0.277252500,0.785699774
C_CAO,FS,0.728255500,0.475102744
C_CAO,FA,0.791962600,0.437347110
C_CAO,NOCR,0.341294700,0.737847832
C_CAO,BWOO,-0.148347930,0.145693857
C_CAO,BWOC,-0.431664900,0.672053924
C_CAO,TOMI,-0.340452700,0.738470844
C_CAO,TFP,-0.393941000,0.969182751
C_CAO,TFT,0.754381800,0.459406728
C_CAO,SPOF,-0.344976800,0.735125186
C_CAO,PDOIF,-0.101886310,0.317691374
C_CAO,PDOUF,0.103162310,0.311668171
C_CAO,PDOCF,0.211140730,0.038371533
C_CAO,OER,0.159407780,0.117960141
C_CAO,TCT,0.491901900,0.629517969
C_CAO,UROCG,0.248920000,0.807143033
C_CAO,BGV,0.184217590,0.070800634
C_CAO,TLOF,0.203578600,0.045860080
C_CAO,API,0.590133000,0.953849266
C_CAO,TOCW,-0.203865200,0.841536515
C_CAO,SWS,0.918230000,0.928247663
C_CAO,FOCG,0.701623500,0.491400798
C_CAO,TOCA,0.962887000,0.924768197
C_CAO,AH,-0.731060000,0.942845283
C_SIO2,C_C,-0.168767540,0.097883580
C_SIO2,C_SI,0.168461930,0.098492957
C_SIO2,C_MN,0.204705300,0.840892214
C_SIO2,C_P,-0.583347800,0.567262771
C_SIO2,C_S1,0.129611700,0.203678673
C_SIO2,C_CU,-0.914785000,0.928516142
C_SIO2,C_MO,-0.634529000,0.950381635
C_SIO2,C_CAO,-0.126640260,0.214237917
C_SIO2,C_SIO2,1.000000000,0.000000000
C_SIO2,C_MGO,0.193868760,0.057246058
C_SIO2,C_AL2O3,-0.119200300,0.242393472
C_SIO2,C_FEO,0.915369700,0.369339460
C_SIO2,C_S2,0.103142640,0.311760484
C_SIO2,BA,-0.445277300,0.662343087
C_SIO2,CCO,-0.714792000,0.483304724
C_SIO2,CCO2,0.341589000,0.737630059
C_SIO2,CH2,0.131431070,0.197403276
C_SIO2,CN2,0.299036400,0.769321713
C_SIO2,C_SO2,-0.131531310,0.197061690
C_SIO2,PE,-0.532380500,0.601598513
C_SIO2,FOCA,-0.894849500,0.380168308
C_SIO2,POCA,0.649267200,0.524297082
C_SIO2,OEF,-0.115890690,0.255720252
C_SIO2,OEP,-0.168594770,0.098227706
C_SIO2,TOHA,0.134821690,0.186087927
C_SIO2,POHA,0.356301100,0.726772892
C_SIO2,AWS,-0.971042700,0.340938335
C_SIO2,FOCW,-0.267014900,0.793430245
C_SIO2,BKE,0.176670260,0.083145410
C_SIO2,FOTCW,-0.770676600,0.449766136
C_SIO2,CIV,0.214011410,0.035814635
C_SIO2,FS,0.128033160,0.209240017
C_SIO2,FA,0.332301300,0.744511355
C_SIO2,NOCR,0.713702700,0.483971678
C_SIO2,BWOO,-0.117381310,0.249656259
C_SIO2,BWOC,0.110672520,0.277750763
C_SIO2,TOMI,-0.100245400,0.325548483
C_SIO2,TFP,-0.155830250,0.126437519
C_SIO2,TFT,-0.619812700,0.543287599
C_SIO2,SPOF,0.440063400,0.666055967
C_SIO2,PDOIF,0.427865100,0.674774499
C_SIO2,PDOUF,-0.540648000,0.595965541
C_SIO2,PDOCF,0.953498200,0.349733661
C_SIO2,OER,-0.162436400,0.111137713
C_SIO2,TCT,-0.148393480,0.145570190
C_SIO2,UROCG,0.315290000,0.757167822
C_SIO2,BGV,0.147746380,0.147334548
C_SIO2,TLOF,-0.178989830,0.079178368
C_SIO2,API,-0.329638000,0.974211125
C_SIO2,TOCW,-0.692357500,0.497140896
C_SIO2,SWS,-0.116507400,0.253199121
C_SIO2,FOCG,0.802929400,0.431026459
C_SIO2,TOCA,0.105164340,0.302370578
C_SIO2,AH,0.132920110,0.192373461
C_MGO,C_C,0.100279860,0.325382154
C_MGO,C_SI,-0.180234010,0.077114773
C_MGO,C_MN,-0.164214600,0.872059127
C_MGO,C_P,-0.185232570,0.069261471
C_MGO,C_S1,-0.203311100,0.046146076
C_MGO,C_CU,0.510338000,0.616732978
C_MGO,C_MO,-0.531310000,0.602329657
C_MGO,C_CAO,-0.142614720,0.161909753
C_MGO,C_SIO2,0.193868760,0.057246058
C_MGO,C_MGO,1.000000000,0.000000000
C_MGO,C_AL2O3,-0.590877400,0.562270934
C_MGO,C_FEO,-0.188157970,0.064978353
C_MGO,C_S2,0.138413360,0.174632260
C_MGO,BA,0.871658900,0.392638564
C_MGO,CCO,0.907570200,0.373432609
C_MGO,CCO2,0.294690000,0.997694092
C_MGO,CH2,-0.231582540,0.023122291
C_MGO,CN2,0.450355600,0.658734702
C_MGO,C_SO2,0.391251000,0.701203187
C_MGO,PE,0.876230600,0.390160815
C_MGO,FOCA,0.673981500,0.508629377
C_MGO,POCA,0.185874470,0.068302320
C_MGO,OEF,0.157725000,0.121890439
C_MGO,OEP,-0.119788630,0.240076519
C_MGO,TOHA,0.107444500,0.292008242
C_MGO,POHA,-0.162216110,0.111623208
C_MGO,AWS,-0.534027500,0.600474424
C_MGO,FOCW,0.191948530,0.059755864
C_MGO,BKE,0.770879100,0.449647061
C_MGO,FOTCW,-0.141856800,0.164151654
C_MGO,CIV,0.143310770,0.159871326
C_MGO,FS,0.162964900,0.109979740
C_MGO,FA,0.131398550,0.197514171
C_MGO,NOCR,0.455048200,0.655407350
C_MGO,BWOO,-0.175549360,0.085119325
C_MGO,BWOC,-0.185199820,0.069310696
C_MGO,TOMI,0.544555100,0.593311869
C_MGO,TFP,0.930047500,0.361712567
C_MGO,TFT,-0.528971800,0.603927982
C_MGO,SPOF,0.193013300,0.849868620
C_MGO,PDOIF,-0.143626400,0.158953389
C_MGO,PDOUF,-0.155441250,0.127387211
C_MGO,PDOCF,0.880550200,0.387828425
C_MGO,OER,0.135989960,0.182302324
C_MGO,TCT,0.108965780,0.285228948
C_MGO,UROCG,0.104284720,0.306432624
C_MGO,BGV,0.846434300,0.406480376
C_MGO,TLOF,0.117774300,0.248074399
C_MGO,API,-0.850714900,0.404111137
C_MGO,TOCW,-0.850146500,0.404425265
C_MGO,SWS,-0.853204000,0.933316652
C_MGO,FOCG,-0.114260700,0.910780473
C_MGO,TOCA,-0.629403000,0.950781942
C_MGO,AH,0.894363700,0.380427045
C_AL2O3,C_C,0.114966670,0.259530214
C_AL2O3,C_SI,-0.110194660,0.279830947
C_AL2O3,C_MN,-0.104470540,0.305571527
C_AL2O3,C_P,0.676989600,0.506739216
C_AL2O3,C_S1,-0.576631000,0.954904041
C_AL2O3,C_CU,-0.667297700,0.512842197
C_AL2O3,C_MO,-0.300494500,0.768229017
C_AL2O3,C_CAO,0.118273800,0.907660661
C_AL2O3,C_SIO2,-0.119200300,0.242393472
C_AL2O3,C_MGO,-0.590877400,0.562270934
C_AL2O3,C_AL2O3,1.000000000,0.000000000
C_AL2O3,C_FEO,-0.538232900,0.597608563
C_AL2O3,C_S2,-0.658993100,0.518101953
C_AL2O3,BA,0.719772400,0.480261718
C_AL2O3,CCO,0.837496200,0.411454159
C_AL2O3,CCO2,0.359873700,0.724144545
C_AL2O3,CH2,-0.100521820,0.324216113
C_AL2O3,CN2,0.428866100,0.674057384
C_AL2O3,C_SO2,-0.107062880,0.293725725
C_AL2O3,PE,0.309604700,0.761412418
C_AL2O3,FOCA,0.110195800,0.913941939
C_AL2O3,POCA,-0.318853200,0.754511266
C_AL2O3,OEF,-0.562003600,0.581527533
C_AL2O3,OEP,0.180769650,0.076239956
C_AL2O3,TOHA,-0.109641150,0.282253659
C_AL2O3,POHA,0.656252700,0.519843679
C_AL2O3,AWS,-0.142025200,0.163651517
C_AL2O3,FOCW,-0.172071700,0.865994174
C_AL2O3,BKE,-0.337826800,0.740415027
C_AL2O3,FOTCW,0.112281520,0.270824091
C_AL2O3,CIV,0.188926220,0.063890513
C_AL2O3,FS,0.141419970,0.165454317
C_AL2O3,FA,0.579277500,0.569970074
C_AL2O3,NOCR,0.250462100,0.805972014
C_AL2O3,BWOO,0.101677690,0.318683327
C_AL2O3,BWOC,0.466274500,0.647475162
C_AL2O3,TOMI,0.549024600,0.590282862
C_AL2O3,TFP,0.543603300,0.593957794
C_AL2O3,TFT,-0.241758600,0.812586792
C_AL2O3,SPOF,-0.230652300,0.821047115
C_AL2O3,PDOIF,-0.883449800,0.386267558
C_AL2O3,PDOUF,-0.166161550,0.103177659
C_AL2O3,PDOCF,0.166660900,0.870169979
C_AL2O3,OER,0.106500140,0.296270641
C_AL2O3,TCT,0.780414800,0.444059906
C_AL2O3,UROCG,0.767297400,0.451755918
C_AL2O3,BGV,0.453634700,0.656408914
C_AL2O3,TLOF,0.109022400,0.284978697
C_AL2O3,API,0.968265000,0.924349245
C_AL2O3,TOCW,-0.712692000,0.944278941
C_AL2O3,SWS,0.793503300,0.436455905
C_AL2O3,FOCG,0.318912210,0.001758020
C_AL2O3,TOCA,0.622924700,0.541265113
C_AL2O3,AH,0.121445700,0.905195812
C_FEO,C_C,0.826387000,0.935407921
C_FEO,C_SI,0.847420260,0.000000000
C_FEO,C_MN,0.156783900,0.877801901
C_FEO,C_P,-0.627431900,0.538342558
C_FEO,C_S1,0.909164261,0.000000000
C_FEO,C_CU,-0.139874430,0.170125845
C_FEO,C_MO,0.128840500,0.899452927
C_FEO,C_CAO,0.600300500,0.556053738
C_FEO,C_SIO2,0.915369700,0.369339460
C_FEO,C_MGO,-0.188157970,0.064978353
C_FEO,C_AL2O3,-0.538232900,0.597608563
C_FEO,C_FEO,1.000000000,0.000000000
C_FEO,C_S2,-0.794507000,0.937894567
C_FEO,BA,-0.150406650,0.140184535
C_FEO,CCO,-0.555066780,0.000000051
C_FEO,CCO2,0.562710630,0.000000033
C_FEO,CH2,0.110302200,0.279361874
C_FEO,CN2,-0.513110500,0.614820232
C_FEO,C_SO2,-0.194737600,0.848543532
C_FEO,PE,0.832197500,0.414419699
C_FEO,FOCA,0.784100060,0.000000000
C_FEO,POCA,-0.366943002,0.000000000
C_FEO,OEF,-0.115528600,0.909794644
C_FEO,OEP,-0.688356800,0.499630242
C_FEO,TOHA,-0.634828500,0.533563653
C_FEO,POHA,0.273548800,0.788494074
C_FEO,AWS,-0.783197830,0.000000000
C_FEO,FOCW,0.112942000,0.268015349
C_FEO,BKE,-0.446772400,0.661279927
C_FEO,FOTCW,-0.125684160,0.217717999
C_FEO,CIV,0.324993800,0.749939933
C_FEO,FS,-0.141539500,0.889603287
C_FEO,FA,-0.765018100,0.453100848
C_FEO,NOCR,0.600167900,0.556141016
C_FEO,BWOO,0.445135300,0.662444086
C_FEO,BWOC,0.185588400,0.855579136
C_FEO,TOMI,-0.578576170,0.000000000
C_FEO,TFP,-0.406138008,0.000000000
C_FEO,TFT,-0.751420000,0.461171370
C_FEO,SPOF,-0.684433400,0.502077942
C_FEO,PDOIF,-0.769676900,0.000000000
C_FEO,PDOUF,-0.590372200,0.000000007
C_FEO,PDOCF,0.113316170,0.266433060
C_FEO,OER,-0.671977514,0.000000000
C_FEO,TCT,-0.863630823,0.000000000
C_FEO,UROCG,-0.343222738,0.000000000
C_FEO,BGV,0.847406700,0.405941456
C_FEO,TLOF,-0.596840712,0.000000000
C_FEO,API,0.118678765,0.000000000
C_FEO,TOCW,0.203152710,0.046316119
C_FEO,SWS,-0.953000900,0.349985080
C_FEO,FOCG,-0.585653000,0.565732288
C_FEO,TOCA,-0.700513300,0.492086650
C_FEO,AH,-0.329966300,0.746244672
C_S2,C_C,0.213158400,0.036558779
C_S2,C_SI,-0.896660600,0.379204799
C_S2,C_MN,-0.147235130,0.148740024
C_S2,C_P,-0.460909300,0.651261157
C_S2,C_S1,0.223042500,0.826856083
C_S2,C_CU,-0.671942500,0.509912623
C_S2,C_MO,-0.766018000,0.452510594
C_S2,C_CAO,0.239512860,0.018813187
C_S2,C_SIO2,0.103142640,0.311760484
C_S2,C_MGO,0.138413360,0.174632260
C_S2,C_AL2O3,-0.658993100,0.518101953
C_S2,C_FEO,-0.794507000,0.937894567
C_S2,C_S2,1.000000000,0.000000000
C_S2,BA,-0.150509160,0.139914443
C_S2,CCO,0.576036800,0.572129939
C_S2,CCO2,-0.136213170,0.181585592
C_S2,CH2,-0.555109800,0.586170359
C_S2,CN2,0.118563630,0.244918452
C_S2,C_SO2,-0.175532620,0.085149089
C_S2,PE,-0.105020130,0.303034058
C_S2,FOCA,0.120830000,0.905674156
C_S2,POCA,-0.305370500,0.764578344
C_S2,OEF,-0.121214270,0.234526973
C_S2,OEP,0.868685500,0.394255176
C_S2,TOHA,0.118064520,0.246910735
C_S2,POHA,0.904900800,0.374839903
C_S2,AWS,0.111982770,0.272101189
C_S2,FOCW,-0.133728270,0.189683343
C_S2,BKE,0.111440860,0.274428192
C_S2,FOTCW,-0.271134000,0.790317409
C_S2,CIV,-0.775718000,0.939360369
C_S2,FS,0.506124100,0.619645149
C_S2,FA,-0.575048700,0.572789288
C_S2,NOCR,0.109012190,0.285023801
C_S2,BWOO,0.118728820,0.244261556
C_S2,BWOC,-0.228360540,0.025104057
C_S2,TOMI,0.114234480,0.262576981
C_S2,TFP,0.382161900,0.707821744
C_S2,TFT,0.263857900,0.795818214
C_S2,SPOF,0.340174500,0.738676711
C_S2,PDOIF,0.193941900,0.849154954
C_S2,PDOUF,0.117419010,0.249504190
C_S2,PDOCF,-0.942218300,0.355463831
C_S2,OER,0.166802150,0.101855626
C_S2,TCT,0.639512000,0.949992509
C_S2,UROCG,-0.126132260,0.216081962
C_S2,BGV,0.346221000,0.734206017
C_S2,TLOF,0.170007520,0.095441904
C_S2,API,0.786261200,0.440654021
C_S2,TOCW,-0.537926600,0.597817068
C_S2,SWS,0.470190000,0.644717880
C_S2,FOCG,0.130611100,0.200213792
C_S2,TOCA,-0.470968000,0.963160962
C_S2,AH,0.304530700,0.765206780
BA,C_C,0.112001290,0.272021883
BA,C_SI,-0.113479390,0.265744842
BA,C_MN,0.722602100,0.478537474
BA,C_P,-0.120035400,0.239109361
BA,C_S1,-0.165403200,0.104760276
BA,C_CU,-0.250743500,0.805758384
BA,C_MO,0.106158080,0.297824749
BA,C_CAO,-0.152910910,0.133700575
BA,C_SIO2,-0.445277300,0.662343087
BA,C_MGO,0.871658900,0.392638564
BA,C_AL2O3,0.719772400,0.480261718
BA,C_FEO,-0.150406650,0.140184535
BA,C_S2,-0.150509160,0.139914443
BA,BA,1.000000000,0.000000000
BA,CCO,-0.215013690,0.034956812
BA,CCO2,0.902562700,0.376075252
BA,CH2,-0.302753700,0.766536937
BA,CN2,0.196628400,0.847091003
BA,C_SO2,-0.616860800,0.545209537
BA,PE,-0.456688400,0.654246010
BA,FOCA,0.828257900,0.416632726
BA,POCA,-0.117464720,0.249319930
BA,OEF,0.146325200,0.885895660
BA,OEP,-0.458113900,0.653237317
BA,TOHA,-0.412577600,0.685762851
BA,POHA,-0.132737610,0.192984793
BA,AWS,-0.155264800,0.127819794
BA,FOCW,-0.195558500,0.847912856
BA,BKE,0.238511310,0.019315473
BA,FOTCW,-0.699127000,0.945337817
BA,CIV,0.894222300,0.380502320
BA,FS,0.620201100,0.543034991
BA,FA,0.729502000,0.942966869
BA,NOCR,0.597550500,0.557864683
BA,BWOO,0.143255060,0.160033745
BA,BWOC,0.507970400,0.618368515
BA,TOMI,0.464669900,0.648606476
BA,TFP,0.597180300,0.558108657
BA,TFT,0.357892700,0.725601535
BA,SPOF,0.796530800,0.434707807
BA,PDOIF,-0.127473590,0.211237591
BA,PDOUF,0.142118000,0.889154984
BA,PDOCF,0.339797200,0.738955998
BA,OER,0.104463770,0.305602864
BA,TCT,0.156467230,0.124894368
BA,UROCG,0.229832220,0.024181330
BA,BGV,-0.470246500,0.644678132
BA,TLOF,0.116185410,0.254513260
BA,API,0.145289710,0.154181860
BA,TOCW,-0.402675500,0.692916056
BA,SWS,-0.419336600,0.680896283
BA,FOCG,0.452128500,0.657476813
BA,TOCA,-0.386902100,0.704367152
BA,AH,-0.318580980,0.001777565
CCO,C_C,-0.720263000,0.479962560
CCO,C_SI,-0.374269090,0.000240942
CCO,C_MN,-0.103880960,0.308309254
CCO,C_P,-0.600659400,0.555817625
CCO,C_S1,-0.514126510,0.000000453
CCO,C_CU,-0.840108800,0.409996591
CCO,C_MO,-0.658069800,0.518688390
CCO,C_CAO,-0.136700010,0.180029576
CCO,C_SIO2,-0.714792000,0.483304724
CCO,C_MGO,0.907570200,0.373432609
CCO,C_AL2O3,0.837496200,0.411454159
CCO,C_FEO,-0.555066780,0.000000051
CCO,C_S2,0.576036800,0.572129939
CCO,BA,-0.215013690,0.034956812
CCO,CCO,1.000000000,0.000000000
CCO,CCO2,0.287043880,0.004868828
CCO,CH2,-0.740636800,0.467627924
CCO,CN2,-0.108033200,0.915624479
CCO,C_SO2,0.422513500,0.678613388
CCO,PE,0.198692850,0.051325240
CCO,FOCA,0.276415740,0.006702087
CCO,POCA,0.108410468,0.000000000
CCO,OEF,0.331778000,0.744899730
CCO,OEP,-0.846595000,0.933831990
CCO,TOHA,0.123405780,0.226174392
CCO,POHA,0.123130440,0.227211999
CCO,AWS,-0.315816260,0.001948666
CCO,FOCW,-0.761703000,0.455060989
CCO,BKE,0.466337200,0.647431005
CCO,FOTCW,-0.448628200,0.659961174
CCO,CIV,0.307050000,0.997597428
CCO,FS,0.147238200,0.885188642
CCO,FA,0.241583300,0.812720181
CCO,NOCR,0.226017000,0.982316178
CCO,BWOO,-0.221302900,0.828185404
CCO,BWOC,0.176091470,0.084159981
CCO,TOMI,0.281853600,0.005698300
CCO,TFP,0.248161610,0.014930221
CCO,TFT,-0.203160510,0.000000000
CCO,SPOF,-0.326850674,0.000000000
CCO,PDOIF,0.288805358,0.000000000
CCO,PDOUF,-0.247632990,0.015145510
CCO,PDOCF,0.438873500,0.666904470
CCO,OER,0.184241390,0.070764226
CCO,TCT,0.492024330,0.000001378
CCO,UROCG,-0.431476859,0.000000000
CCO,BGV,-0.434624500,0.669937879
CCO,TLOF,0.175247090,0.085658072
CCO,API,-0.210655469,0.000000000
CCO,TOCW,-0.570730700,0.575674783
CCO,SWS,0.686814530,0.000000000
CCO,FOCG,-0.403124900,0.692590789
CCO,TOCA,-0.433741400,0.670568984
CCO,AH,0.100207840,0.325729772
CCO2,C_C,-0.712443500,0.484743250
CCO2,C_SI,0.433613060,0.000020962
CCO2,C_MN,-0.277282500,0.785677174
CCO2,C_P,-0.815463700,0.423867740
CCO2,C_S1,0.543372610,0.000000097
CCO2,C_CU,-0.884663000,0.385615627
CCO2,C_MO,0.358521900,0.725138670
CCO2,C_CAO,0.316701500,0.756115111
CCO2,C_SIO2,0.341589000,0.737630059
CCO2,C_MGO,0.294690000,0.997694092
CCO2,C_AL2O3,0.359873700,0.724144545
CCO2,C_FEO,0.562710630,0.000000033
CCO2,C_S2,-0.136213170,0.181585592
CCO2,BA,0.902562700,0.376075252
CCO2,CCO,0.287043880,0.004868828
CCO2,CCO2,1.000000000,0.000000000
CCO2,CH2,0.379474100,0.709783262
CCO2,CN2,0.213333310,0.036405124
CCO2,C_SO2,-0.108775940,0.286069050
CCO2,PE,0.167304860,0.100827648
CCO2,FOCA,-0.258459060,0.011241464
CCO2,POCA,0.177444120,0.081804395
CCO2,OEF,0.694089600,0.496065159
CCO2,OEP,0.339863300,0.738907068
CCO2,TOHA,-0.101326850,0.320356126
CCO2,POHA,-0.164120380,0.107481242
CCO2,AWS,-0.603877293,0.000000000
CCO2,FOCW,0.136447200,0.180836347
CCO2,BKE,0.426553000,0.966632937
CCO2,FOTCW,-0.148311500,0.884357585
CCO2,CIV,-0.937591500,0.357831241
CCO2,FS,0.599936300,0.556293433
CCO2,FA,0.498595200,0.624863207
CCO2,NOCR,0.173034300,0.865251658
CCO2,BWOO,-0.412018200,0.686166228
CCO2,BWOC,0.157566960,0.122264752
CCO2,TOMI,-0.309162370,0.002424208
CCO2,TFP,-0.180540821,0.000000000
CCO2,TFT,-0.194949335,0.000000000
CCO2,SPOF,-0.405336425,0.000000000
CCO2,PDOIF,0.247118190,0.015357799
CCO2,PDOUF,-0.404468329,0.000000000
CCO2,PDOCF,0.158854200,0.876201222
CCO2,OER,-0.208473400,0.040884744
CCO2,TCT,-0.445892780,0.000012144
CCO2,UROCG,0.405458807,0.000000000
CCO2,BGV,0.254061000,0.803240819
CCO2,TLOF,-0.153682170,0.131751104
CCO2,API,-0.450853020,0.000009702
CCO2,TOCW,-0.271562064,0.000000000
CCO2,SWS,0.916676700,0.368656257
CCO2,FOCG,-0.974126000,0.923892713
CCO2,TOCA,-0.110479390,0.278590198
CCO2,AH,0.743032100,0.466189388
CH2,C_C,0.234663700,0.817988949
CH2,C_SI,0.434917800,0.669728332
CH2,C_MN,-0.117589050,0.248819199
CH2,C_P,0.722780000,0.994344440
CH2,C_S1,0.655235900,0.520490643
CH2,C_CU,0.419477400,0.680795032
CH2,C_MO,-0.362665000,0.971628282
CH2,C_CAO,0.156614360,0.124540027
CH2,C_SIO2,0.131431070,0.197403276
CH2,C_MGO,-0.231582540,0.023122291
CH2,C_AL2O3,-0.100521820,0.324216113
CH2,C_FEO,0.110302200,0.279361874
CH2,C_S2,-0.555109800,0.586170359
CH2,BA,-0.302753700,0.766536937
CH2,CCO,-0.740636800,0.467627924
CH2,CCO2,0.379474100,0.709783262
CH2,CH2,1.000000000,0.000000000
CH2,CN2,-0.112061430,0.271764532
CH2,C_SO2,0.111365280,0.274753833
CH2,PE,0.575540400,0.572461165
CH2,FOCA,-0.362341800,0.722330709
CH2,POCA,0.282927000,0.781423999
CH2,OEF,-0.112961010,0.267934783
CH2,OEP,0.901356800,0.376713342
CH2,TOHA,-0.179251950,0.078739925
CH2,POHA,-0.145673360,0.153096891
CH2,AWS,-0.240562600,0.813496807
CH2,FOCW,-0.908389400,0.373001350
CH2,BKE,0.937525600,0.357865075
CH2,FOTCW,-0.777331600,0.445862035
CH2,CIV,0.292757800,0.774032062
CH2,FS,-0.831648900,0.414727438
CH2,FA,0.380319000,0.709166442
CH2,NOCR,-0.719290600,0.480555642
CH2,BWOO,-0.110708740,0.277593525
CH2,BWOC,-0.256177900,0.801635412
CH2,TOMI,-0.300775000,0.768018884
CH2,TFP,-0.249690290,0.014322726
CH2,TFT,-0.178034360,0.080793407
CH2,SPOF,-0.308904200,0.761935980
CH2,PDOIF,-0.111760500,0.912724836
CH2,PDOUF,-0.751578100,0.461077081
CH2,PDOCF,-0.246769800,0.808776529
CH2,OER,-0.250488000,0.980401882
CH2,TCT,-0.529131400,0.603818826
CH2,UROCG,0.729378000,0.474422381
CH2,BGV,0.463375000,0.649520123
CH2,TLOF,-0.262142000,0.979490274
CH2,API,-0.430399400,0.672959515
CH2,TOCW,0.128249600,0.899911636
CH2,SWS,-0.122052260,0.231307674
CH2,FOCG,-0.250260800,0.806124836
CH2,TOCA,0.106969700,0.294146070
CH2,AH,0.186883100,0.854582799
CN2,C_C,-0.459086900,0.652549229
CN2,C_SI,-0.379218000,0.709970253
CN2,C_MN,0.691692800,0.497554061
CN2,C_P,0.853734700,0.402444697
CN2,C_S1,-0.323648600,0.750940660
CN2,C_CU,0.531140500,0.602445474
CN2,C_MO,0.100299200,0.325288850
CN2,C_CAO,0.224196330,0.027881897
CN2,C_SIO2,0.299036400,0.769321713
CN2,C_MGO,0.450355600,0.658734702
CN2,C_AL2O3,0.428866100,0.674057384
CN2,C_FEO,-0.513110500,0.614820232
CN2,C_S2,0.118563630,0.244918452
CN2,BA,0.196628400,0.847091003
CN2,CCO,-0.108033200,0.915624479
CN2,CCO2,0.213333310,0.036405124
CN2,CH2,-0.112061430,0.271764532
CN2,CN2,1.000000000,0.000000000
CN2,C_SO2,-0.139440910,0.171453745
CN2,PE,-0.112217930,0.271095605
CN2,FOCA,-0.204830660,0.044541215
CN2,POCA,0.107757970,0.290602527
CN2,OEF,-0.243955800,0.810915576
CN2,OEP,-0.102959860,0.312618784
CN2,TOHA,0.749909400,0.462072868
CN2,POHA,-0.106232310,0.297487014
CN2,AWS,-0.119213210,0.242342452
CN2,FOCW,0.170261280,0.094948284
CN2,BKE,-0.122387700,0.230027861
CN2,FOTCW,-0.348257000,0.732702627
CN2,CIV,-0.708689700,0.487047436
CN2,FS,0.275370000,0.787119679
CN2,FA,-0.329065800,0.746913382
CN2,NOCR,0.766525200,0.452211318
CN2,BWOO,0.974173100,0.339384042
CN2,BWOC,0.354043800,0.728435195
CN2,TOMI,0.807006200,0.428690423
CN2,TFP,-0.113092000,0.267380270
CN2,TFT,-0.309591700,0.761422144
CN2,SPOF,-0.741370700,0.467186906
CN2,PDOIF,0.877126900,0.389676136
CN2,PDOUF,-0.990357400,0.331420839
CN2,PDOCF,-0.124860450,0.220748648
CN2,OER,0.838663400,0.410802619
CN2,TCT,0.916469700,0.368764421
CN2,UROCG,0.196571770,0.053862212
CN2,BGV,-0.562670700,0.581079174
CN2,TLOF,-0.125830000,0.999015396
CN2,API,-0.667263200,0.512864012
CN2,TOCW,-0.799737600,0.432860538
CN2,SWS,-0.119586990,0.240868879
CN2,FOCG,-0.367628400,0.718450725
CN2,TOCA,-0.104702200,0.918216694
CN2,AH,-0.761302600,0.455298069
C_SO2,C_C,0.303134500,0.766251841
C_SO2,C_SI,-0.659991200,0.517468297
C_SO2,C_MN,-0.102991050,0.312472219
C_SO2,C_P,0.117917300,0.907937694
C_SO2,C_S1,-0.149289700,0.883600294
C_SO2,C_CU,0.427372800,0.675127351
C_SO2,C_MO,0.507520300,0.618679607
C_SO2,C_CAO,-0.530852600,0.602642147
C_SO2,C_SIO2,-0.131531310,0.197061690
C_SO2,C_MGO,0.391251000,0.701203187
C_SO2,C_AL2O3,-0.107062880,0.293725725
C_SO2,C_FEO,-0.194737600,0.848543532
C_SO2,C_S2,-0.175532620,0.085149089
C_SO2,BA,-0.616860800,0.545209537
C_SO2,CCO,0.422513500,0.678613388
C_SO2,CCO2,-0.108775940,0.286069050
C_SO2,CH2,0.111365280,0.274753833
C_SO2,CN2,-0.139440910,0.171453745
C_SO2,C_SO2,1.000000000,0.000000000
C_SO2,PE,0.556574200,0.585182658
C_SO2,FOCA,-0.503947000,0.960583380
C_SO2,POCA,-0.329093100,0.746893132
C_SO2,OEF,-0.147406240,0.148268478
C_SO2,OEP,0.116500680,0.253226472
C_SO2,TOHA,0.130643080,0.200103616
C_SO2,POHA,0.201402260,0.048230803
C_SO2,AWS,0.162035170,0.112023216
C_SO2,FOCW,0.866583300,0.395400567
C_SO2,BKE,0.136346100,0.893629418
C_SO2,FOTCW,-0.193169700,0.849748412
C_SO2,CIV,-0.542904600,0.594432168
C_SO2,FS,0.203029500,0.842177525
C_SO2,FA,0.125812160,0.217249758
C_SO2,NOCR,-0.488649200,0.631785336
C_SO2,BWOO,0.231304800,0.820549517
C_SO2,BWOC,-0.128923100,0.899388818
C_SO2,TOMI,-0.594150200,0.560107761
C_SO2,TFP,-0.130151850,0.201800606
C_SO2,TFT,0.664479200,0.514624219
C_SO2,SPOF,0.166603000,0.102265161
C_SO2,PDOIF,-0.795405500,0.435357106
C_SO2,PDOUF,0.673059800,0.509209255
C_SO2,PDOCF,0.213562400,0.834105963
C_SO2,OER,0.821242700,0.420590701
C_SO2,TCT,0.189107000,0.985203679
C_SO2,UROCG,-0.741803200,0.466927121
C_SO2,BGV,-0.509043400,0.617627027
C_SO2,TLOF,0.412274600,0.685981349
C_SO2,API,0.787927000,0.938407860
C_SO2,TOCW,0.739250300,0.468461741
C_SO2,SWS,0.155954300,0.878443448
C_SO2,FOCG,0.399529300,0.695194622
C_SO2,TOCA,0.113986500,0.910993623
C_SO2,AH,-0.592382800,0.561275402
PE,C_C,0.101759340,0.318294847
PE,C_SI,0.131050900,0.897737332
PE,C_MN,-0.253490800,0.803673359
PE,C_P,-0.115878650,0.255769612
PE,C_S1,0.614664200,0.546641870
PE,C_CU,-0.951264200,0.350863853
PE,C_MO,-0.126268360,0.215586800
PE,C_CAO,-0.654255000,0.948841186
PE,C_SIO2,-0.532380500,0.601598513
PE,C_MGO,0.876230600,0.390160815
PE,C_AL2O3,0.309604700,0.761412418
PE,C_FEO,0.832197500,0.414419699
PE,C_S2,-0.105020130,0.303034058
PE,BA,-0.456688400,0.654246010
PE,CCO,0.198692850,0.051325240
PE,CCO2,0.167304860,0.100827648
PE,CH2,0.575540400,0.572461165
PE,CN2,-0.112217930,0.271095605
PE,C_SO2,0.556574200,0.585182658
PE,PE,1.000000000,0.000000000
PE,FOCA,0.768820800,0.450858306
PE,POCA,0.131195750,0.198206880
PE,OEF,-0.106102870,0.298076096
PE,OEP,0.908604100,0.372888396
PE,TOHA,-0.125967610,0.216682060
PE,POHA,-0.145959810,0.152290575
PE,AWS,-0.136684620,0.180078611
PE,FOCW,-0.117282910,0.250053423
PE,BKE,0.128262510,0.208425224
PE,FOTCW,-0.180881000,0.985847218
PE,CIV,0.437861000,0.667626823
PE,FS,0.897191000,0.378922913
PE,FA,-0.732620600,0.472459964
PE,NOCR,0.674237900,0.508468116
PE,BWOO,-0.407520800,0.689412354
PE,BWOC,0.126201200,0.901502016
PE,TOMI,-0.218844330,0.031838026
PE,TFP,0.314294700,0.757910425
PE,TFT,-0.527628200,0.604847246
PE,SPOF,-0.319926270,0.001699404
PE,PDOIF,0.219457000,0.829596423
PE,PDOUF,-0.329127000,0.746867976
PE,PDOCF,0.928451900,0.362536857
PE,OER,0.113587730,0.265288737
PE,TCT,-0.331723500,0.744940166
PE,UROCG,-0.356364000,0.972121022
PE,BGV,0.828780500,0.416338754
PE,TLOF,0.941904000,0.355624317
PE,API,-0.130728720,0.199808865
PE,TOCW,-0.319009340,0.001752326
PE,SWS,0.146593570,0.150518172
PE,FOCG,-0.202414520,0.047115623
PE,TOCA,-0.615089000,0.951899920
PE,AH,0.109744380,0.281800737
FOCA,C_C,0.821243100,0.420590487
FOCA,C_SI,0.514703970,0.000000440
FOCA,C_MN,-0.967035700,0.342934500
FOCA,C_P,0.482690000,0.635948285
FOCA,C_S1,0.715639960,0.000000000
FOCA,C_CU,-0.103621000,0.309521518
FOCA,C_MO,-0.585694800,0.565704557
FOCA,C_CAO,0.415963500,0.683323307
FOCA,C_SIO2,-0.894849500,0.380168308
FOCA,C_MGO,0.673981500,0.508629377
FOCA,C_AL2O3,0.110195800,0.913941939
FOCA,C_FEO,0.784100060,0.000000000
FOCA,C_S2,0.120830000,0.905674156
FOCA,BA,0.828257900,0.416632726
FOCA,CCO,0.276415740,0.006702087
FOCA,CCO2,-0.258459060,0.011241464
FOCA,CH2,-0.362341800,0.722330709
FOCA,CN2,-0.204830660,0.044541215
FOCA,C_SO2,-0.503947000,0.960583380
FOCA,PE,0.768820800,0.450858306
FOCA,FOCA,1.000000000,0.000000000
FOCA,POCA,-0.579828040,0.000000000
FOCA,OEF,0.131431850,0.197400590
FOCA,OEP,-0.842742500,0.408530388
FOCA,TOHA,0.367891200,0.718257994
FOCA,POHA,0.103025180,0.312311854
FOCA,AWS,0.422678750,0.000033684
FOCA,FOCW,0.823736000,0.419181468
FOCA,BKE,-0.117736460,0.248226419
FOCA,FOTCW,-0.300361700,0.768328520
FOCA,CIV,-0.920800200,0.366506091
FOCA,FS,0.344442400,0.735520148
FOCA,FA,0.110017400,0.914080674
FOCA,NOCR,0.560989500,0.582209401
FOCA,BWOO,0.411833000,0.686299742
FOCA,BWOC,0.221605200,0.827954327
FOCA,TOMI,0.393550000,0.969213282
FOCA,TFP,0.360196873,0.000000000
FOCA,TFT,0.304590699,0.000000000
FOCA,SPOF,-0.176200400,0.862810331
FOCA,PDOIF,-0.736985015,0.000000000
FOCA,PDOUF,0.378854850,0.000201826
FOCA,PDOCF,0.589887900,0.562925665
FOCA,OER,-0.216128950,0.034022964
FOCA,TCT,-0.587410340,0.000000008
FOCA,UROCG,-0.922003600,0.000000000
FOCA,BGV,0.146710778,0.000000000
FOCA,TLOF,0.156018840,0.125979121
FOCA,API,0.687864647,0.000000000
FOCA,TOCW,-0.835543900,0.412545357
FOCA,SWS,0.447222327,0.000000000
FOCA,FOCG,0.145299400,0.154154381
FOCA,TOCA,0.256707900,0.801233608
FOCA,AH,0.159573260,0.117579078
POCA,C_C,0.244792600,0.810279379
POCA,C_SI,-0.372211060,0.000000000
POCA,C_MN,-0.740330000,0.942121791
POCA,C_P,-0.640069600,0.530190452
POCA,C_S1,-0.362124940,0.000000000
POCA,C_CU,0.304420800,0.765288980
POCA,C_MO,0.912960900,0.370600605
POCA,C_CAO,0.260339100,0.798482099
POCA,C_SIO2,0.649267200,0.524297082
POCA,C_MGO,0.185874470,0.068302320
POCA,C_AL2O3,-0.318853200,0.754511266
POCA,C_FEO,-0.366943002,0.000000000
POCA,C_S2,-0.305370500,0.764578344
POCA,BA,-0.117464720,0.249319930
POCA,CCO,0.108410468,0.000000000
POCA,CCO2,0.177444120,0.081804395
POCA,CH2,0.282927000,0.781423999
POCA,CN2,0.107757970,0.290602527
POCA,C_SO2,-0.329093100,0.746893132
POCA,PE,0.131195750,0.198206880
POCA,FOCA,-0.579828040,0.000000000
POCA,POCA,1.000000000,0.000000000
POCA,OEF,-0.175893400,0.863046964
POCA,OEP,0.766751600,0.452077784
POCA,TOHA,0.124879500,0.902528443
POCA,POHA,0.151486030,0.137360779
POCA,AWS,-0.242453360,0.017403907
POCA,FOCW,0.603514400,0.553940975
POCA,BKE,-0.210985500,0.836079174
POCA,FOTCW,-0.402332000,0.968526650
POCA,CIV,-0.102864130,0.313068921
POCA,FS,0.143659500,0.887960571
POCA,FA,0.199452300,0.844922639
POCA,NOCR,-0.102123830,0.316564452
POCA,BWOO,-0.611817100,0.548501122
POCA,BWOC,0.968419000,0.342244522
POCA,TOMI,0.251633584,0.000000000
POCA,TFP,-0.251273533,0.000000000
POCA,TFT,-0.248765990,0.000000000
POCA,SPOF,-0.332679750,0.001100625
POCA,PDOIF,0.488361680,0.000000000
POCA,PDOUF,-0.268888347,0.000000000
POCA,PDOCF,-0.681907000,0.946682113
POCA,OER,0.325104162,0.000000000
POCA,TCT,0.360616028,0.000000000
POCA,UROCG,0.129958848,0.000000000
POCA,BGV,0.111648450,0.273535184
POCA,TLOF,0.300577542,0.000000000
POCA,API,-0.769093716,0.000000000
POCA,TOCW,-0.427811400,0.674813030
POCA,SWS,-0.244022984,0.000000000
POCA,FOCG,-0.104427980,0.305768609
POCA,TOCA,-0.607026900,0.551636425
POCA,AH,-0.946449800,0.353307356
OEF,C_C,0.182925810,0.072799996
OEF,C_SI,-0.200084900,0.844437101
OEF,C_MN,-0.105954000,0.991709502
OEF,C_P,-0.434087700,0.670321487
OEF,C_S1,-0.446315000,0.965088061
OEF,C_CU,0.304733600,0.765054908
OEF,C_MO,0.174610320,0.086801997
OEF,C_CAO,0.523751400,0.607503361
OEF,C_SIO2,-0.115890690,0.255720252
OEF,C_MGO,0.157725000,0.121890439
OEF,C_AL2O3,-0.562003600,0.581527533
OEF,C_FEO,-0.115528600,0.909794644
OEF,C_S2,-0.121214270,0.234526973
OEF,BA,0.146325200,0.885895660
OEF,CCO,0.331778000,0.744899730
OEF,CCO2,0.694089600,0.496065159
OEF,CH2,-0.112961010,0.267934783
OEF,CN2,-0.243955800,0.810915576
OEF,C_SO2,-0.147406240,0.148268478
OEF,PE,-0.106102870,0.298076096
OEF,FOCA,0.131431850,0.197400590
OEF,POCA,-0.175893400,0.863046964
OEF,OEF,1.000000000,0.000000000
OEF,OEP,0.842278500,0.408788493
OEF,TOHA,0.582320800,0.567945269
OEF,POHA,0.142484780,0.162292467
OEF,AWS,-0.130353630,0.201102284
OEF,FOCW,-0.192712720,0.058746321
OEF,BKE,-0.206062030,0.043275497
OEF,FOTCW,0.152000860,0.136029467
OEF,CIV,-0.268570100,0.792254543
OEF,FS,0.740205000,0.942131534
OEF,FA,0.720206400,0.479997015
OEF,NOCR,0.752731700,0.460389371
OEF,BWOO,-0.981014200,0.336003143
OEF,BWOC,-0.157475580,0.122481595
OEF,TOMI,-0.759998400,0.456070729
OEF,TFP,0.105692100,0.299950633
OEF,TFT,-0.373703000,0.970765207
OEF,SPOF,-0.145708060,0.152999034
OEF,PDOIF,-0.149326560,0.143054630
OEF,PDOUF,-0.815926600,0.423604667
OEF,PDOCF,-0.119159560,0.242554499
OEF,OER,0.918504500,0.367702202
OEF,TCT,0.360352000,0.723792920
OEF,UROCG,0.618895100,0.543884636
OEF,BGV,0.766330400,0.452326236
OEF,TLOF,0.885509600,0.385161116
OEF,API,0.581142300,0.568728971
OEF,TOCW,0.442075500,0.664622186
OEF,SWS,0.563816100,0.580309691
OEF,FOCG,0.191063000,0.851367797
OEF,TOCA,0.104813880,0.303984656
OEF,AH,-0.848979600,0.405070599
OEP,C_C,0.102081590,0.316764697
OEP,C_SI,-0.412803400,0.685600048
OEP,C_MN,-0.136517930,0.180610380
OEP,C_P,-0.213117000,0.983325314
OEP,C_S1,-0.271920800,0.789723137
OEP,C_CU,-0.151504350,0.137313233
OEP,C_MO,0.851202000,0.933472765
OEP,C_CAO,-0.196877500,0.053490194
OEP,C_SIO2,-0.168594770,0.098227706
OEP,C_MGO,-0.119788630,0.240076519
OEP,C_AL2O3,0.180769650,0.076239956
OEP,C_FEO,-0.688356800,0.499630242
OEP,C_S2,0.868685500,0.394255176
OEP,BA,-0.458113900,0.653237317
OEP,CCO,-0.846595000,0.933831990
OEP,CCO2,0.339863300,0.738907068
OEP,CH2,0.901356800,0.376713342
OEP,CN2,-0.102959860,0.312618784
OEP,C_SO2,0.116500680,0.253226472
OEP,PE,0.908604100,0.372888396
OEP,FOCA,-0.842742500,0.408530388
OEP,POCA,0.766751600,0.452077784
OEP,OEF,0.842278500,0.408788493
OEP,OEP,1.000000000,0.000000000
OEP,TOHA,0.925530000,0.927678762
OEP,POHA,-0.370603500,0.716270325
OEP,AWS,0.101540240,0.319338006
OEP,FOCW,-0.595441500,0.559255440
OEP,BKE,-0.427425800,0.675089346
OEP,FOTCW,0.141571780,0.165000736
OEP,CIV,0.165096520,0.105405748
OEP,FS,0.768112700,0.451275388
OEP,FA,-0.243152340,0.017082852
OEP,NOCR,0.210016920,0.039413931
OEP,BWOO,0.433635700,0.670644568
OEP,BWOC,-0.287941000,0.777651354
OEP,TOMI,-0.163087300,0.872929928
OEP,TFP,-0.124175350,0.223292228
OEP,TFT,-0.427970500,0.674698986
OEP,SPOF,0.124263340,0.222964386
OEP,PDOIF,0.125052060,0.220040974
OEP,PDOUF,0.864524900,0.396524030
OEP,PDOCF,-0.419536800,0.680752296
OEP,OER,0.355917000,0.972156024
OEP,TCT,0.135603420,0.183548492
OEP,UROCG,0.333117600,0.743905747
OEP,BGV,0.192197280,0.059425687
OEP,TLOF,-0.129102500,0.899249556
OEP,API,-0.805402700,0.429608386
OEP,TOCW,0.626449700,0.538978754
OEP,SWS,-0.562066400,0.581485354
OEP,FOCG,0.764302300,0.453523695
OEP,TOCA,-0.684426400,0.502082301
OEP,AH,0.109211320,0.284144797
TOHA,C_C,-0.720767300,0.479655085
TOHA,C_SI,-0.280063100,0.783581157
TOHA,C_MN,-0.625643000,0.951075649
TOHA,C_P,-0.211575220,0.037974838
TOHA,C_S1,-0.961496000,0.345706541
TOHA,C_CU,0.200186620,0.049599251
TOHA,C_MO,-0.187580000,0.854046646
TOHA,C_CAO,-0.928126000,0.362705369
TOHA,C_SIO2,0.134821690,0.186087927
TOHA,C_MGO,0.107444500,0.292008242
TOHA,C_AL2O3,-0.109641150,0.282253659
TOHA,C_FEO,-0.634828500,0.533563653
TOHA,C_S2,0.118064520,0.246910735
TOHA,BA,-0.412577600,0.685762851
TOHA,CCO,0.123405780,0.226174392
TOHA,CCO2,-0.101326850,0.320356126
TOHA,CH2,-0.179251950,0.078739925
TOHA,CN2,0.749909400,0.462072868
TOHA,C_SO2,0.130643080,0.200103616
TOHA,PE,-0.125967610,0.216682060
TOHA,FOCA,0.367891200,0.718257994
TOHA,POCA,0.124879500,0.902528443
TOHA,OEF,0.582320800,0.567945269
TOHA,OEP,0.925530000,0.927678762
TOHA,TOHA,1.000000000,0.000000000
TOHA,POHA,-0.138347500,0.892077493
TOHA,AWS,-0.729597200,0.474289544
TOHA,FOCW,0.925177000,0.927706280
TOHA,BKE,-0.195467900,0.847982459
TOHA,FOTCW,0.288905700,0.776926087
TOHA,CIV,0.239830590,0.018656243
TOHA,FS,0.143930280,0.158073407
TOHA,FA,-0.425204300,0.676682165
TOHA,NOCR,-0.953582800,0.349690917
TOHA,BWOO,0.381044000,0.970191148
TOHA,BWOC,0.303810300,0.765745936
TOHA,TOMI,-0.256977000,0.801029590
TOHA,TFP,0.464703400,0.648582891
TOHA,TFT,-0.528673000,0.958651146
TOHA,SPOF,-0.749000300,0.462615845
TOHA,PDOIF,0.731392400,0.473202724
TOHA,PDOUF,0.391226800,0.701220742
TOHA,PDOCF,-0.481132100,0.637038513
TOHA,OER,-0.355723200,0.727198346
TOHA,TCT,0.105860970,0.299179075
TOHA,UROCG,-0.300475700,0.768243099
TOHA,BGV,0.229330800,0.822055225
TOHA,TLOF,-0.645078800,0.526976617
TOHA,API,-0.352068100,0.729891219
TOHA,TOCW,-0.127222900,0.900708704
TOHA,SWS,0.839631900,0.410262435
TOHA,FOCG,0.306382000,0.976029935
TOHA,TOCA,0.365655900,0.719897531
TOHA,AH,-0.332120400,0.744645610
POHA,C_C,0.198203890,0.051901024
POHA,C_SI,0.128762400,0.899513538
POHA,C_MN,-0.524122600,0.607248834
POHA,C_P,-0.572339900,0.574598666
POHA,C_S1,0.570165400,0.576053098
POHA,C_CU,0.479172900,0.638410730
POHA,C_MO,0.185418070,0.068983151
POHA,C_CAO,-0.250541000,0.805912103
POHA,C_SIO2,0.356301100,0.726772892
POHA,C_MGO,-0.162216110,0.111623208
POHA,C_AL2O3,0.656252700,0.519843679
POHA,C_FEO,0.273548800,0.788494074
POHA,C_S2,0.904900800,0.374839903
POHA,BA,-0.132737610,0.192984793
POHA,CCO,0.123130440,0.227211999
POHA,CCO2,-0.164120380,0.107481242
POHA,CH2,-0.145673360,0.153096891
POHA,CN2,-0.106232310,0.297487014
POHA,C_SO2,0.201402260,0.048230803
POHA,PE,-0.145959810,0.152290575
POHA,FOCA,0.103025180,0.312311854
POHA,POCA,0.151486030,0.137360779
POHA,OEF,0.142484780,0.162292467
POHA,OEP,-0.370603500,0.716270325
POHA,TOHA,-0.138347500,0.892077493
POHA,POHA,1.000000000,0.000000000
POHA,AWS,0.852461000,0.403147100
POHA,FOCW,0.245912000,0.809428461
POHA,BKE,-0.519151000,0.959395187
POHA,FOTCW,0.892066400,0.381651909
POHA,CIV,-0.720363500,0.479901282
POHA,FS,-0.103978720,0.307854193
POHA,FA,0.419257800,0.680952936
POHA,NOCR,-0.100174250,0.325891992
POHA,BWOO,-0.795155100,0.435501629
POHA,BWOC,0.932764500,0.360311665
POHA,TOMI,0.734719400,0.471192177
POHA,TFP,0.123580760,0.225516755
POHA,TFT,0.111480300,0.274258358
POHA,SPOF,-0.226733860,0.026159291
POHA,PDOIF,-0.823080000,0.993559689
POHA,PDOUF,0.647232600,0.525597836
POHA,PDOCF,-0.146436000,0.150957379
POHA,OER,-0.690974500,0.498000671
POHA,TCT,-0.453177100,0.656733278
POHA,UROCG,-0.162821270,0.110293484
POHA,BGV,0.905664500,0.374436919
POHA,TLOF,-0.971693200,0.340614970
POHA,API,0.172560000,0.865617502
POHA,TOCW,-0.480809900,0.637264082
POHA,SWS,0.169974910,0.095505479
POHA,FOCG,0.367124000,0.718820589
POHA,TOCA,0.203982740,0.045430828
POHA,AH,0.469375500,0.645291072
AWS,C_C,0.568116800,0.577424871
AWS,C_SI,-0.525697140,0.000000248
AWS,C_MN,-0.159004300,0.876085205
AWS,C_P,-0.520321700,0.609857422
AWS,C_S1,-0.804396760,0.000000000
AWS,C_CU,0.118364300,0.907590314
AWS,C_MO,0.960797000,0.924930973
AWS,C_CAO,0.640261400,0.530067203
AWS,C_SIO2,-0.971042700,0.340938335
AWS,C_MGO,-0.534027500,0.600474424
AWS,C_AL2O3,-0.142025200,0.163651517
AWS,C_FEO,-0.783197830,0.000000000
AWS,C_S2,0.111982770,0.272101189
AWS,BA,-0.155264800,0.127819794
AWS,CCO,-0.315816260,0.001948666
AWS,CCO2,-0.603877293,0.000000000
AWS,CH2,-0.240562600,0.813496807
AWS,CN2,-0.119213210,0.242342452
AWS,C_SO2,0.162035170,0.112023216
AWS,PE,-0.136684620,0.180078611
AWS,FOCA,0.422678750,0.000033684
AWS,POCA,-0.242453360,0.017403907
AWS,OEF,-0.130353630,0.201102284
AWS,OEP,0.101540240,0.319338006
AWS,TOHA,-0.729597200,0.474289544
AWS,POHA,0.852461000,0.403147100
AWS,AWS,1.000000000,0.000000000
AWS,FOCW,-0.520850100,0.609494499
AWS,BKE,-0.361951000,0.971684137
AWS,FOTCW,0.671298500,0.510318266
AWS,CIV,0.866863000,0.932251601
AWS,FS,-0.117325100,0.249883091
AWS,FA,-0.239851200,0.814038254
AWS,NOCR,-0.183589700,0.857117647
AWS,BWOO,0.842453100,0.408691342
AWS,BWOC,-0.606955600,0.551683139
AWS,TOMI,0.434325030,0.000020316
AWS,TFP,0.263744181,0.000000000
AWS,TFT,0.275207455,0.000000000
AWS,SPOF,0.564430122,0.000000000
AWS,PDOIF,-0.428570460,0.000026123
AWS,PDOUF,0.566209739,0.000000000
AWS,PDOCF,0.851020100,0.403942552
AWS,OER,0.205407850,0.043944083
AWS,TCT,0.682437860,0.000000000
AWS,UROCG,-0.573584558,0.000000000
AWS,BGV,-0.259283600,0.799281626
AWS,TLOF,0.159413830,0.117946199
AWS,API,0.697959410,0.000000000
AWS,TOCW,0.385241286,0.000000000
AWS,SWS,-0.101453300,0.319752574
AWS,FOCG,-0.105590800,0.300414108
AWS,TOCA,0.320216500,0.753495632
AWS,AH,-0.181032120,0.075814252
FOCW,C_C,0.246345500,0.809098963
FOCW,C_SI,0.488532500,0.631866724
FOCW,C_MN,0.824584800,0.418702363
FOCW,C_P,-0.111525670,0.274063128
FOCW,C_S1,0.668436200,0.512123349
FOCW,C_CU,-0.184952400,0.856068620
FOCW,C_MO,-0.165926970,0.103665159
FOCW,C_CAO,0.150019400,0.883035417
FOCW,C_SIO2,-0.267014900,0.793430245
FOCW,C_MGO,0.191948530,0.059755864
FOCW,C_AL2O3,-0.172071700,0.865994174
FOCW,C_FEO,0.112942000,0.268015349
FOCW,C_S2,-0.133728270,0.189683343
FOCW,BA,-0.195558500,0.847912856
FOCW,CCO,-0.761703000,0.455060989
FOCW,CCO2,0.136447200,0.180836347
FOCW,CH2,-0.908389400,0.373001350
FOCW,CN2,0.170261280,0.094948284
FOCW,C_SO2,0.866583300,0.395400567
FOCW,PE,-0.117282910,0.250053423
FOCW,FOCA,0.823736000,0.419181468
FOCW,POCA,0.603514400,0.553940975
FOCW,OEF,-0.192712720,0.058746321
FOCW,OEP,-0.595441500,0.559255440
FOCW,TOHA,0.925177000,0.927706280
FOCW,POHA,0.245912000,0.809428461
FOCW,AWS,-0.520850100,0.609494499
FOCW,FOCW,1.000000000,0.000000000
FOCW,BKE,0.307431900,0.763036591
FOCW,FOTCW,0.534024700,0.600476307
FOCW,CIV,0.203580530,0.045858020
FOCW,FS,0.989895000,0.922664562
FOCW,FA,0.954070000,0.349444768
FOCW,NOCR,0.102648250,0.314085625
FOCW,BWOO,-0.168355340,0.098706203
FOCW,BWOC,-0.310289000,0.975724331
FOCW,TOMI,-0.645398100,0.526772112
FOCW,TFP,0.654140500,0.521188191
FOCW,TFT,0.519160000,0.995937696
FOCW,SPOF,-0.946558600,0.353252017
FOCW,PDOIF,-0.101513320,0.319466333
FOCW,PDOUF,-0.401368400,0.693862339
FOCW,PDOCF,-0.141422950,0.165445432
FOCW,OER,-0.255059700,0.802483329
FOCW,TCT,-0.760755700,0.455621982
FOCW,UROCG,0.190458000,0.851832991
FOCW,BGV,0.157821710,0.121661822
FOCW,TLOF,0.832731000,0.934913117
FOCW,API,0.175139000,0.863628617
FOCW,TOCW,0.846565700,0.406407531
FOCW,SWS,0.237869900,0.815546643
FOCW,FOCG,0.634035000,0.950420190
FOCW,TOCA,0.154888490,0.128746199
FOCW,AH,-0.784966500,0.441406945
BKE,C_C,0.250012240,0.014197600
BKE,C_SI,-0.136821180,0.179643857
BKE,C_MN,0.131080420,0.198601602
BKE,C_P,0.792096500,0.437269607
BKE,C_S1,-0.557056200,0.584857780
BKE,C_CU,0.306106100,0.764028048
BKE,C_MO,-0.114949100,0.910245186
BKE,C_CAO,-0.132683840,0.193165196
BKE,C_SIO2,0.176670260,0.083145410
BKE,C_MGO,0.770879100,0.449647061
BKE,C_AL2O3,-0.337826800,0.740415027
BKE,C_FEO,-0.446772400,0.661279927
BKE,C_S2,0.111440860,0.274428192
BKE,BA,0.238511310,0.019315473
BKE,CCO,0.466337200,0.647431005
BKE,CCO2,0.426553000,0.966632937
BKE,CH2,0.937525600,0.357865075
BKE,CN2,-0.122387700,0.230027861
BKE,C_SO2,0.136346100,0.893629418
BKE,PE,0.128262510,0.208425224
BKE,FOCA,-0.117736460,0.248226419
BKE,POCA,-0.210985500,0.836079174
BKE,OEF,-0.206062030,0.043275497
BKE,OEP,-0.427425800,0.675089346
BKE,TOHA,-0.195467900,0.847982459
BKE,POHA,-0.519151000,0.959395187
BKE,AWS,-0.361951000,0.971684137
BKE,FOCW,0.307431900,0.763036591
BKE,BKE,1.000000000,0.000000000
BKE,FOTCW,-0.944773100,0.354160850
BKE,CIV,0.558570200,0.583837726
BKE,FS,-0.638763000,0.950050977
BKE,FA,-0.190059890,0.062312727
BKE,NOCR,0.171044100,0.866786949
BKE,BWOO,-0.588920200,0.563566440
BKE,BWOC,-0.148357390,0.145668155
BKE,TOMI,0.517563500,0.611753548
BKE,TFP,0.746031700,0.464391442
BKE,TFT,0.478648600,0.638778093
BKE,SPOF,-0.333921500,0.743309498
BKE,PDOIF,0.574086900,0.573431444
BKE,PDOUF,0.773250000,0.939552935
BKE,PDOCF,-0.129408300,0.899012225
BKE,OER,0.144078620,0.157645171
BKE,TCT,0.941980400,0.355585294
BKE,UROCG,0.257501500,0.800632048
BKE,BGV,0.118905000,0.990696206
BKE,TLOF,0.114746670,0.260443072
BKE,API,-0.402529500,0.693021717
BKE,TOCW,0.454824800,0.655565592
BKE,SWS,-0.284545400,0.780205739
BKE,FOCG,-0.740206000,0.467886880
BKE,TOCA,0.237586400,0.815762488
BKE,AH,-0.962574900,0.345165534
FOTCW,C_C,0.519149700,0.610662810
FOTCW,C_SI,-0.102201900,0.920163126
FOTCW,C_MN,-0.897038700,0.379003829
FOTCW,C_P,0.944726600,0.354184551
FOTCW,C_S1,-0.789669000,0.438675741
FOTCW,C_CU,-0.155760490,0.126607433
FOTCW,C_MO,-0.151500050,0.137324387
FOTCW,C_CAO,-0.348181500,0.732758368
FOTCW,C_SIO2,-0.770676600,0.449766136
FOTCW,C_MGO,-0.141856800,0.164151654
FOTCW,C_AL2O3,0.112281520,0.270824091
FOTCW,C_FEO,-0.125684160,0.217717999
FOTCW,C_S2,-0.271134000,0.790317409
FOTCW,BA,-0.699127000,0.945337817
FOTCW,CCO,-0.448628200,0.659961174
FOTCW,CCO2,-0.148311500,0.884357585
FOTCW,CH2,-0.777331600,0.445862035
FOTCW,CN2,-0.348257000,0.732702627
FOTCW,C_SO2,-0.193169700,0.849748412
FOTCW,PE,-0.180881000,0.985847218
FOTCW,FOCA,-0.300361700,0.768328520
FOTCW,POCA,-0.402332000,0.968526650
FOTCW,OEF,0.152000860,0.136029467
FOTCW,OEP,0.141571780,0.165000736
FOTCW,TOHA,0.288905700,0.776926087
FOTCW,POHA,0.892066400,0.381651909
FOTCW,AWS,0.671298500,0.510318266
FOTCW,FOCW,0.534024700,0.600476307
FOTCW,BKE,-0.944773100,0.354160850
FOTCW,FOTCW,1.000000000,0.000000000
FOTCW,CIV,-0.121337270,0.234052503
FOTCW,FS,0.746566000,0.941635159
FOTCW,FA,0.160613820,0.115205000
FOTCW,NOCR,0.157814050,0.121679928
FOTCW,BWOO,-0.443767000,0.965287258
FOTCW,BWOC,0.634337900,0.533879959
FOTCW,TOMI,0.781215700,0.443592402
FOTCW,TFP,0.870952000,0.393022550
FOTCW,TFT,0.143196970,0.160203262
FOTCW,SPOF,-0.861749000,0.932650335
FOTCW,PDOIF,0.140091500,0.890725538
FOTCW,PDOUF,0.175692340,0.084865445
FOTCW,PDOCF,0.389764100,0.702284346
FOTCW,OER,-0.671959300,0.509902034
FOTCW,TCT,0.133748210,0.189617313
FOTCW,UROCG,0.172476900,0.865681629
FOTCW,BGV,0.645648700,0.526611621
FOTCW,TLOF,-0.882920200,0.386552368
FOTCW,API,0.733772300,0.471764083
FOTCW,TOCW,0.152171700,0.881369683
FOTCW,SWS,-0.407041400,0.689758736
FOTCW,FOCG,-0.343037600,0.736558683
FOTCW,TOCA,-0.419502700,0.680776809
FOTCW,AH,0.239306670,0.018915650
CIV,C_C,0.168861080,0.097697653
CIV,C_SI,-0.464534500,0.648702040
CIV,C_MN,-0.588792400,0.563651089
CIV,C_P,-0.284126100,0.780521276
CIV,C_S1,0.222454200,0.827305561
CIV,C_CU,-0.221153300,0.030075827
CIV,C_MO,-0.196964470,0.053384775
CIV,C_CAO,-0.277252500,0.785699774
CIV,C_SIO2,0.214011410,0.035814635
CIV,C_MGO,0.143310770,0.159871326
CIV,C_AL2O3,0.188926220,0.063890513
CIV,C_FEO,0.324993800,0.749939933
CIV,C_S2,-0.775718000,0.939360369
CIV,BA,0.894222300,0.380502320
CIV,CCO,0.307050000,0.997597428
CIV,CCO2,-0.937591500,0.357831241
CIV,CH2,0.292757800,0.774032062
CIV,CN2,-0.708689700,0.487047436
CIV,C_SO2,-0.542904600,0.594432168
CIV,PE,0.437861000,0.667626823
CIV,FOCA,-0.920800200,0.366506091
CIV,POCA,-0.102864130,0.313068921
CIV,OEF,-0.268570100,0.792254543
CIV,OEP,0.165096520,0.105405748
CIV,TOHA,0.239830590,0.018656243
CIV,POHA,-0.720363500,0.479901282
CIV,AWS,0.866863000,0.932251601
CIV,FOCW,0.203580530,0.045858020
CIV,BKE,0.558570200,0.583837726
CIV,FOTCW,-0.121337270,0.234052503
CIV,CIV,1.000000000,0.000000000
CIV,FS,0.871017700,0.392986824
CIV,FA,-0.127712250,0.210383929
CIV,NOCR,-0.709433600,0.486590328
CIV,BWOO,0.859595400,0.399222354
CIV,BWOC,-0.161496580,0.113220634
CIV,TOMI,0.348463700,0.732550012
CIV,TFP,0.828339000,0.416587078
CIV,TFT,-0.381238000,0.708495746
CIV,SPOF,-0.139940160,0.169925161
CIV,PDOIF,0.234745500,0.817926613
CIV,PDOUF,0.123701390,0.225064142
CIV,PDOCF,-0.316880080,0.001881114
CIV,OER,0.390995900,0.701388584
CIV,TCT,-0.492800600,0.628892064
CIV,UROCG,0.695159000,0.495401660
CIV,BGV,0.143139800,0.160370224
CIV,TLOF,0.979993600,0.336506115
CIV,API,0.573378500,0.573904579
CIV,TOCW,-0.285491010,0.005104749
CIV,SWS,-0.822254400,0.420018552
CIV,FOCG,0.838715000,0.934446484
CIV,TOCA,0.423271000,0.678069524
CIV,AH,-0.756432000,0.940865264
FS,C_C,0.596094500,0.558824646
FS,C_SI,-0.121312760,0.234146995
FS,C_MN,0.372239600,0.715072341
FS,C_P,-0.102399800,0.315258426
FS,C_S1,-0.793858700,0.436250511
FS,C_CU,-0.544331900,0.593463293
FS,C_MO,-0.129941100,0.898598613
FS,C_CAO,0.728255500,0.475102744
FS,C_SIO2,0.128033160,0.209240017
FS,C_MGO,0.162964900,0.109979740
FS,C_AL2O3,0.141419970,0.165454317
FS,C_FEO,-0.141539500,0.889603287
FS,C_S2,0.506124100,0.619645149
FS,BA,0.620201100,0.543034991
FS,CCO,0.147238200,0.885188642
FS,CCO2,0.599936300,0.556293433
FS,CH2,-0.831648900,0.414727438
FS,CN2,0.275370000,0.787119679
FS,C_SO2,0.203029500,0.842177525
FS,PE,0.897191000,0.378922913
FS,FOCA,0.344442400,0.735520148
FS,POCA,0.143659500,0.887960571
FS,OEF,0.740205000,0.942131534
FS,OEP,0.768112700,0.451275388
FS,TOHA,0.143930280,0.158073407
FS,POHA,-0.103978720,0.307854193
FS,AWS,-0.117325100,0.249883091
FS,FOCW,0.989895000,0.922664562
FS,BKE,-0.638763000,0.950050977
FS,FOTCW,0.746566000,0.941635159
FS,CIV,0.871017700,0.392986824
FS,FS,1.000000000,0.000000000
FS,FA,0.842960100,0.408409371
FS,NOCR,-0.378711700,0.710339986
FS,BWOO,-0.661524500,0.516495730
FS,BWOC,0.479054000,0.962528930
FS,TOMI,-0.350487000,0.972580594
FS,TFP,0.535117000,0.958147587
FS,TFT,-0.102466870,0.314941548
FS,SPOF,-0.934650000,0.359341495
FS,PDOIF,-0.752980000,0.460241425
FS,PDOUF,-0.253362200,0.803770932
FS,PDOCF,-0.118405930,0.245546720
FS,OER,0.115831590,0.255962759
FS,TCT,0.438887800,0.666894308
FS,UROCG,0.712340500,0.484806410
FS,BGV,-0.557952800,0.584253554
FS,TLOF,0.127841470,0.209922739
FS,API,0.192809000,0.984914045
FS,TOCW,-0.533815600,0.600618980
FS,SWS,0.104187290,0.306884794
FS,FOCG,-0.441272400,0.665194266
FS,TOCA,-0.150771990,0.139223803
FS,AH,-0.167169210,0.101104217
FA,C_C,0.168554840,0.098307384
FA,C_SI,-0.284222600,0.780448649
FA,C_MN,0.620230100,0.543016085
FA,C_P,-0.821967500,0.420180738
FA,C_S1,-0.228905400,0.822379756
FA,C_CU,0.230587490,0.023719297
FA,C_MO,-0.121008120,0.235323800
FA,C_CAO,0.791962600,0.437347110
FA,C_SIO2,0.332301300,0.744511355
FA,C_MGO,0.131398550,0.197514171
FA,C_AL2O3,0.579277500,0.569970074
FA,C_FEO,-0.765018100,0.453100848
FA,C_S2,-0.575048700,0.572789288
FA,BA,0.729502000,0.942966869
FA,CCO,0.241583300,0.812720181
FA,CCO2,0.498595200,0.624863207
FA,CH2,0.380319000,0.709166442
FA,CN2,-0.329065800,0.746913382
FA,C_SO2,0.125812160,0.217249758
FA,PE,-0.732620600,0.472459964
FA,FOCA,0.110017400,0.914080674
FA,POCA,0.199452300,0.844922639
FA,OEF,0.720206400,0.479997015
FA,OEP,-0.243152340,0.017082852
FA,TOHA,-0.425204300,0.676682165
FA,POHA,0.419257800,0.680952936
FA,AWS,-0.239851200,0.814038254
FA,FOCW,0.954070000,0.349444768
FA,BKE,-0.190059890,0.062312727
FA,FOTCW,0.160613820,0.115205000
FA,CIV,-0.127712250,0.210383929
FA,FS,0.842960100,0.408409371
FA,FA,1.000000000,0.000000000
FA,NOCR,-0.885364400,0.385239010
FA,BWOO,0.740765500,0.467550574
FA,BWOC,-0.196654600,0.847070871
FA,TOMI,-0.163805390,0.108157848
FA,TFP,0.705360800,0.489095669
FA,TFT,0.129839100,0.202886493
FA,SPOF,-0.461768800,0.650654054
FA,PDOIF,0.637190000,0.532042429
FA,PDOUF,0.197952510,0.052199135
FA,PDOCF,0.586927800,0.564886697
FA,OER,0.115225200,0.910030480
FA,TCT,0.444816000,0.965205223
FA,UROCG,-0.840686000,0.934292757
FA,BGV,0.926163800,0.363720963
FA,TLOF,-0.823810000,0.993553981
FA,API,0.362194500,0.722438867
FA,TOCW,0.535933000,0.958083826
FA,SWS,0.519479500,0.610436144
FA,FOCG,-0.946185900,0.353441567
FA,TOCA,-0.154261570,0.130301115
FA,AH,0.130959720,0.199015298
NOCR,C_C,0.576914000,0.571544927
NOCR,C_SI,0.763944400,0.453735191
NOCR,C_MN,-0.210146230,0.039292783
NOCR,C_P,0.728881100,0.474723445
NOCR,C_S1,0.257328400,0.800763226
NOCR,C_CU,0.128365840,0.208058901
NOCR,C_MO,-0.252879200,0.804137404
NOCR,C_CAO,0.341294700,0.737847832
NOCR,C_SIO2,0.713702700,0.483971678
NOCR,C_MGO,0.455048200,0.655407350
NOCR,C_AL2O3,0.250462100,0.805972014
NOCR,C_FEO,0.600167900,0.556141016
NOCR,C_S2,0.109012190,0.285023801
NOCR,BA,0.597550500,0.557864683
NOCR,CCO,0.226017000,0.982316178
NOCR,CCO2,0.173034300,0.865251658
NOCR,CH2,-0.719290600,0.480555642
NOCR,CN2,0.766525200,0.452211318
NOCR,C_SO2,-0.488649200,0.631785336
NOCR,PE,0.674237900,0.508468116
NOCR,FOCA,0.560989500,0.582209401
NOCR,POCA,-0.102123830,0.316564452
NOCR,OEF,0.752731700,0.460389371
NOCR,OEP,0.210016920,0.039413931
NOCR,TOHA,-0.953582800,0.349690917
NOCR,POHA,-0.100174250,0.325891992
NOCR,AWS,-0.183589700,0.857117647
NOCR,FOCW,0.102648250,0.314085625
NOCR,BKE,0.171044100,0.866786949
NOCR,FOTCW,0.157814050,0.121679928
NOCR,CIV,-0.709433600,0.486590328
NOCR,FS,-0.378711700,0.710339986
NOCR,FA,-0.885364400,0.385239010
NOCR,NOCR,1.000000000,0.000000000
NOCR,BWOO,-0.356066600,0.726945520
NOCR,BWOC,-0.856951700,0.400674001
NOCR,TOMI,0.158913800,0.876155174
NOCR,TFP,0.816265200,0.423412310
NOCR,TFT,0.241480400,0.812798472
NOCR,SPOF,-0.887568300,0.384057136
NOCR,PDOIF,-0.793465000,0.436478070
NOCR,PDOUF,0.567499600,0.577838464
NOCR,PDOCF,0.124934600,0.902485622
NOCR,OER,-0.758505200,0.456956311
NOCR,TCT,-0.429642000,0.673501770
NOCR,UROCG,-0.629401700,0.537067750
NOCR,BGV,0.212031780,0.037561770
NOCR,TLOF,-0.851385500,0.403740741
NOCR,API,0.126167690,0.215952985
NOCR,TOCW,-0.798750500,0.433428701
NOCR,SWS,0.219841700,0.829302275
NOCR,FOCG,0.109340990,0.283573364
NOCR,TOCA,0.127779120,0.210145187
NOCR,AH,0.106691780,0.295402328
BWOO,C_C,-0.129828340,0.202923918
BWOO,C_SI,-0.249059200,0.807037270
BWOO,C_MN,-0.934935300,0.359194875
BWOO,C_P,-0.319512100,0.754020322
BWOO,C_S1,0.195676500,0.847822189
BWOO,C_CU,0.151075400,0.882218077
BWOO,C_MO,-0.209579490,0.039826124
BWOO,C_CAO,-0.148347930,0.145693857
BWOO,C_SIO2,-0.117381310,0.249656259
BWOO,C_MGO,-0.175549360,0.085119325
BWOO,C_AL2O3,0.101677690,0.318683327
BWOO,C_FEO,0.445135300,0.662444086
BWOO,C_S2,0.118728820,0.244261556
BWOO,BA,0.143255060,0.160033745
BWOO,CCO,-0.221302900,0.828185404
BWOO,CCO2,-0.412018200,0.686166228
BWOO,CH2,-0.110708740,0.277593525
BWOO,CN2,0.974173100,0.339384042
BWOO,C_SO2,0.231304800,0.820549517
BWOO,PE,-0.407520800,0.689412354
BWOO,FOCA,0.411833000,0.686299742
BWOO,POCA,-0.611817100,0.548501122
BWOO,OEF,-0.981014200,0.336003143
BWOO,OEP,0.433635700,0.670644568
BWOO,TOHA,0.381044000,0.970191148
BWOO,POHA,-0.795155100,0.435501629
BWOO,AWS,0.842453100,0.408691342
BWOO,FOCW,-0.168355340,0.098706203
BWOO,BKE,-0.588920200,0.563566440
BWOO,FOTCW,-0.443767000,0.965287258
BWOO,CIV,0.859595400,0.399222354
BWOO,FS,-0.661524500,0.516495730
BWOO,FA,0.740765500,0.467550574
BWOO,NOCR,-0.356066600,0.726945520
BWOO,BWOO,1.000000000,0.000000000
BWOO,BWOC,-0.544674800,0.593230665
BWOO,TOMI,0.103799320,0.308689619
BWOO,TFP,0.480636200,0.637385700
BWOO,TFT,0.654573200,0.520912595
BWOO,SPOF,-0.640810500,0.529714436
BWOO,PDOIF,-0.130841400,0.897899934
BWOO,PDOUF,0.880996300,0.387588041
BWOO,PDOCF,0.946038700,0.353516490
BWOO,OER,-0.517320000,0.995952115
BWOO,TCT,-0.798744600,0.433432065
BWOO,UROCG,-0.509815600,0.617093727
BWOO,BGV,0.798506300,0.433569321
BWOO,TLOF,0.747530000,0.941559911
BWOO,API,0.152261000,0.988086378
BWOO,TOCW,-0.113819250,0.264315786
BWOO,SWS,-0.173793000,0.986401750
BWOO,FOCG,0.652566000,0.948973080
BWOO,TOCA,-0.123229120,0.226839731
BWOO,AH,-0.524095000,0.959008825
BWOC,C_C,0.173545400,0.864857460
BWOC,C_SI,0.401036100,0.694103022
BWOC,C_MN,0.102770720,0.313508588
BWOC,C_P,0.718399000,0.481099843
BWOC,C_S1,-0.232540900,0.819606966
BWOC,C_CU,0.107572760,0.291432513
BWOC,C_MO,0.509400900,0.617380101
BWOC,C_CAO,-0.431664900,0.672053924
BWOC,C_SIO2,0.110672520,0.277750763
BWOC,C_MGO,-0.185199820,0.069310696
BWOC,C_AL2O3,0.466274500,0.647475162
BWOC,C_FEO,0.185588400,0.855579136
BWOC,C_S2,-0.228360540,0.025104057
BWOC,BA,0.507970400,0.618368515
BWOC,CCO,0.176091470,0.084159981
BWOC,CCO2,0.157566960,0.122264752
BWOC,CH2,-0.256177900,0.801635412
BWOC,CN2,0.354043800,0.728435195
BWOC,C_SO2,-0.128923100,0.899388818
BWOC,PE,0.126201200,0.901502016
BWOC,FOCA,0.221605200,0.827954327
BWOC,POCA,0.968419000,0.342244522
BWOC,OEF,-0.157475580,0.122481595
BWOC,OEP,-0.287941000,0.777651354
BWOC,TOHA,0.303810300,0.765745936
BWOC,POHA,0.932764500,0.360311665
BWOC,AWS,-0.606955600,0.551683139
BWOC,FOCW,-0.310289000,0.975724331
BWOC,BKE,-0.148357390,0.145668155
BWOC,FOTCW,0.634337900,0.533879959
BWOC,CIV,-0.161496580,0.113220634
BWOC,FS,0.479054000,0.962528930
BWOC,FA,-0.196654600,0.847070871
BWOC,NOCR,-0.856951700,0.400674001
BWOC,BWOO,-0.544674800,0.593230665
BWOC,BWOC,1.000000000,0.000000000
BWOC,TOMI,0.624831200,0.540027913
BWOC,TFP,-0.113423880,0.265978754
BWOC,TFT,-0.142721900,0.888687018
BWOC,SPOF,-0.216964640,0.033337269
BWOC,PDOIF,-0.662394200,0.515944480
BWOC,PDOUF,-0.164134080,0.107451896
BWOC,PDOCF,0.121598840,0.233045666
BWOC,OER,-0.135615300,0.183510078
BWOC,TCT,-0.103050480,0.312193055
BWOC,UROCG,-0.143030700,0.888447720
BWOC,BGV,-0.134045510,0.188634955
BWOC,TLOF,-0.173311830,0.089172891
BWOC,API,0.556815600,0.585019954
BWOC,TOCW,-0.160913600,0.114528088
BWOC,SWS,0.141063580,0.166522876
BWOC,FOCG,-0.601252100,0.555427745
BWOC,TOCA,0.684373900,0.502115076
BWOC,AH,-0.106195170,0.297655967
TOMI,C_C,0.251126900,0.805467317
TOMI,C_SI,-0.628852711,0.000000000
TOMI,C_MN,0.186436300,0.854926610
TOMI,C_P,0.101744400,0.920519331
TOMI,C_S1,-0.577227492,0.000000000
TOMI,C_CU,0.164766750,0.106103328
TOMI,C_MO,0.179168990,0.078878474
TOMI,C_CAO,-0.340452700,0.738470844
TOMI,C_SIO2,-0.100245400,0.325548483
TOMI,C_MGO,0.544555100,0.593311869
TOMI,C_AL2O3,0.549024600,0.590282862
TOMI,C_FEO,-0.578576170,0.000000000
TOMI,C_S2,0.114234480,0.262576981
TOMI,BA,0.464669900,0.648606476
TOMI,CCO,0.281853600,0.005698300
TOMI,CCO2,-0.309162370,0.002424208
TOMI,CH2,-0.300775000,0.768018884
TOMI,CN2,0.807006200,0.428690423
TOMI,C_SO2,-0.594150200,0.560107761
TOMI,PE,-0.218844330,0.031838026
TOMI,FOCA,0.393550000,0.969213282
TOMI,POCA,0.251633584,0.000000000
TOMI,OEF,-0.759998400,0.456070729
TOMI,OEP,-0.163087300,0.872929928
TOMI,TOHA,-0.256977000,0.801029590
TOMI,POHA,0.734719400,0.471192177
TOMI,AWS,0.434325030,0.000020316
TOMI,FOCW,-0.645398100,0.526772112
TOMI,BKE,0.517563500,0.611753548
TOMI,FOTCW,0.781215700,0.443592402
TOMI,CIV,0.348463700,0.732550012
TOMI,FS,-0.350487000,0.972580594
TOMI,FA,-0.163805390,0.108157848
TOMI,NOCR,0.158913800,0.876155174
TOMI,BWOO,0.103799320,0.308689619
TOMI,BWOC,0.624831200,0.540027913
TOMI,TOMI,1.000000000,0.000000000
TOMI,TFP,0.282002822,0.000000000
TOMI,TFT,0.406787200,0.689942406
TOMI,SPOF,0.602083200,0.554881310
TOMI,PDOIF,0.666725100,0.513204004
TOMI,PDOUF,0.330167470,0.001200348
TOMI,PDOCF,0.205366000,0.983931655
TOMI,OER,0.585405427,0.000000000
TOMI,TCT,0.591272327,0.000000000
TOMI,UROCG,0.231906167,0.000000000
TOMI,BGV,0.385272790,0.000156999
TOMI,TLOF,0.561687422,0.000000000
TOMI,API,-0.100016900,0.000000000
TOMI,TOCW,-0.190520500,0.851784926
TOMI,SWS,0.240900200,0.813239948
TOMI,FOCG,0.143247150,0.160056831
TOMI,TOCA,0.852836600,0.402939856
TOMI,AH,-0.291286800,0.775136844
TFP,C_C,-0.594567300,0.559832397
TFP,C_SI,-0.380697671,0.000000000
TFP,C_MN,-0.102094790,0.316702089
TFP,C_P,0.512703700,0.615100696
TFP,C_S1,-0.409737376,0.000000000
TFP,C_CU,0.155557010,0.127104022
TFP,C_MO,0.264053600,0.795670098
TFP,C_CAO,-0.393941000,0.969182751
TFP,C_SIO2,-0.155830250,0.126437519
TFP,C_MGO,0.930047500,0.361712567
TFP,C_AL2O3,0.543603300,0.593957794
TFP,C_FEO,-0.406138008,0.000000000
TFP,C_S2,0.382161900,0.707821744
TFP,BA,0.597180300,0.558108657
TFP,CCO,0.248161610,0.014930221
TFP,CCO2,-0.180540821,0.000000000
TFP,CH2,-0.249690290,0.014322726
TFP,CN2,-0.113092000,0.267380270
TFP,C_SO2,-0.130151850,0.201800606
TFP,PE,0.314294700,0.757910425
TFP,FOCA,0.360196873,0.000000000
TFP,POCA,-0.251273533,0.000000000
TFP,OEF,0.105692100,0.299950633
TFP,OEP,-0.124175350,0.223292228
TFP,TOHA,0.464703400,0.648582891
TFP,POHA,0.123580760,0.225516755
TFP,AWS,0.263744181,0.000000000
TFP,FOCW,0.654140500,0.521188191
TFP,BKE,0.746031700,0.464391442
TFP,FOTCW,0.870952000,0.393022550
TFP,CIV,0.828339000,0.416587078
TFP,FS,0.535117000,0.958147587
TFP,FA,0.705360800,0.489095669
TFP,NOCR,0.816265200,0.423412310
TFP,BWOO,0.480636200,0.637385700
TFP,BWOC,-0.113423880,0.265978754
TFP,TOMI,0.282002822,0.000000000
TFP,TFP,1.000000000,0.000000000
TFP,TFT,0.352239150,0.000000000
TFP,SPOF,0.108343460,0.287989197
TFP,PDOIF,-0.228803330,0.000000000
TFP,PDOUF,0.352034050,0.000000000
TFP,PDOCF,0.896427600,0.379328679
TFP,OER,0.301592563,0.000000000
TFP,TCT,0.394058122,0.000000000
TFP,UROCG,-0.100948464,0.000000000
TFP,BGV,0.742902560,0.000000000
TFP,TLOF,0.283778183,0.000000000
TFP,API,0.409323715,0.000000000
TFP,TOCW,-0.778101200,0.445411801
TFP,SWS,0.200458587,0.000000000
TFP,FOCG,-0.295103800,0.772271041
TFP,TOCA,0.165787100,0.870844730
TFP,AH,0.136902500,0.893197987
TFT,C_C,0.430860300,0.672629687
TFT,C_SI,-0.507513100,0.618684559
TFT,C_MN,-0.849776000,0.933583893
TFT,C_P,-0.611473000,0.952182369
TFT,C_S1,-0.686020000,0.501087357
TFT,C_CU,0.885567000,0.930793464
TFT,C_MO,-0.505619500,0.619994281
TFT,C_CAO,0.754381800,0.459406728
TFT,C_SIO2,-0.619812700,0.543287599
TFT,C_MGO,-0.528971800,0.603927982
TFT,C_AL2O3,-0.241758600,0.812586792
TFT,C_FEO,-0.751420000,0.461171370
TFT,C_S2,0.263857900,0.795818214
TFT,BA,0.357892700,0.725601535
TFT,CCO,-0.203160510,0.000000000
TFT,CCO2,-0.194949335,0.000000000
TFT,CH2,-0.178034360,0.080793407
TFT,CN2,-0.309591700,0.761422144
TFT,C_SO2,0.664479200,0.514624219
TFT,PE,-0.527628200,0.604847246
TFT,FOCA,0.304590699,0.000000000
TFT,POCA,-0.248765990,0.000000000
TFT,OEF,-0.373703000,0.970765207
TFT,OEP,-0.427970500,0.674698986
TFT,TOHA,-0.528673000,0.958651146
TFT,POHA,0.111480300,0.274258358
TFT,AWS,0.275207455,0.000000000
TFT,FOCW,0.519160000,0.995937696
TFT,BKE,0.478648600,0.638778093
TFT,FOTCW,0.143196970,0.160203262
TFT,CIV,-0.381238000,0.708495746
TFT,FS,-0.102466870,0.314941548
TFT,FA,0.129839100,0.202886493
TFT,NOCR,0.241480400,0.812798472
TFT,BWOO,0.654573200,0.520912595
TFT,BWOC,-0.142721900,0.888687018
TFT,TOMI,0.406787200,0.689942406
TFT,TFP,0.352239150,0.000000000
TFT,TFT,1.000000000,0.000000000
TFT,SPOF,0.215369896,0.000000000
TFT,PDOIF,-0.378627758,0.000000000
TFT,PDOUF,0.211431344,0.000000000
TFT,PDOCF,0.723441000,0.943439940
TFT,OER,0.182585800,0.857890604
TFT,TCT,0.482304100,0.636218308
TFT,UROCG,-0.178093572,0.000000000
TFT,BGV,-0.425570600,0.676419396
TFT,TLOF,0.991640000,0.992240784
TFT,API,0.328228188,0.000000000
TFT,TOCW,0.459852220,0.000006419
TFT,SWS,-0.115431350,0.257609316
TFT,FOCG,0.391813200,0.700794519
TFT,TOCA,-0.330666600,0.745724676
TFT,AH,0.699158200,0.492924532
SPOF,C_C,0.473688700,0.642258294
SPOF,C_SI,-0.380902700,0.708740416
SPOF,C_MN,0.405634100,0.690775858
SPOF,C_P,0.195176000,0.984728902
SPOF,C_S1,-0.631796700,0.535519882
SPOF,C_CU,0.186796400,0.854649502
SPOF,C_MO,-0.317296000,0.975176372
SPOF,C_CAO,-0.344976800,0.735125186
SPOF,C_SIO2,0.440063400,0.666055967
SPOF,C_MGO,0.193013300,0.849868620
SPOF,C_AL2O3,-0.230652300,0.821047115
SPOF,C_FEO,-0.684433400,0.502077942
SPOF,C_S2,0.340174500,0.738676711
SPOF,BA,0.796530800,0.434707807
SPOF,CCO,-0.326850674,0.000000000
SPOF,CCO2,-0.405336425,0.000000000
SPOF,CH2,-0.308904200,0.761935980
SPOF,CN2,-0.741370700,0.467186906
SPOF,C_SO2,0.166603000,0.102265161
SPOF,PE,-0.319926270,0.001699404
SPOF,FOCA,-0.176200400,0.862810331
SPOF,POCA,-0.332679750,0.001100625
SPOF,OEF,-0.145708060,0.152999034
SPOF,OEP,0.124263340,0.222964386
SPOF,TOHA,-0.749000300,0.462615845
SPOF,POHA,-0.226733860,0.026159291
SPOF,AWS,0.564430122,0.000000000
SPOF,FOCW,-0.946558600,0.353252017
SPOF,BKE,-0.333921500,0.743309498
SPOF,FOTCW,-0.861749000,0.932650335
SPOF,CIV,-0.139940160,0.169925161
SPOF,FS,-0.934650000,0.359341495
SPOF,FA,-0.461768800,0.650654054
SPOF,NOCR,-0.887568300,0.384057136
SPOF,BWOO,-0.640810500,0.529714436
SPOF,BWOC,-0.216964640,0.033337269
SPOF,TOMI,0.602083200,0.554881310
SPOF,TFP,0.108343460,0.287989197
SPOF,TFT,0.215369896,0.000000000
SPOF,SPOF,1.000000000,0.000000000
SPOF,PDOIF,-0.153911167,0.000000000
SPOF,PDOUF,0.245062291,0.000000000
SPOF,PDOCF,-0.692453200,0.497081446
SPOF,OER,0.228624500,0.822594089
SPOF,TCT,0.221229000,0.982690704
SPOF,UROCG,-0.212858395,0.000000000
SPOF,BGV,-0.238268000,0.815243516
SPOF,TLOF,0.329221800,0.746797533
SPOF,API,0.650895600,0.000000000
SPOF,TOCW,0.516300848,0.000000000
SPOF,SWS,-0.298728062,0.000000000
SPOF,FOCG,0.124464880,0.222214746
SPOF,TOCA,-0.681675100,0.503802538
SPOF,AH,-0.467203000,0.646820875
PDOIF,C_C,-0.446347400,0.661582071
PDOIF,C_SI,-0.499260950,0.000000962
PDOIF,C_MN,0.156598130,0.124579079
PDOIF,C_P,-0.565206600,0.579376245
PDOIF,C_S1,-0.686727520,0.000000000
PDOIF,C_CU,0.140115630,0.169390348
PDOIF,C_MO,0.235742700,0.817166830
PDOIF,C_CAO,-0.101886310,0.317691374
PDOIF,C_SIO2,0.427865100,0.674774499
PDOIF,C_MGO,-0.143626400,0.158953389
PDOIF,C_AL2O3,-0.883449800,0.386267558
PDOIF,C_FEO,-0.769676900,0.000000000
PDOIF,C_S2,0.193941900,0.849154954
PDOIF,BA,-0.127473590,0.211237591
PDOIF,CCO,0.288805358,0.000000000
PDOIF,CCO2,0.247118190,0.015357799
PDOIF,CH2,-0.111760500,0.912724836
PDOIF,CN2,0.877126900,0.389676136
PDOIF,C_SO2,-0.795405500,0.435357106
PDOIF,PE,0.219457000,0.829596423
PDOIF,FOCA,-0.736985015,0.000000000
PDOIF,POCA,0.488361680,0.000000000
PDOIF,OEF,-0.149326560,0.143054630
PDOIF,OEP,0.125052060,0.220040974
PDOIF,TOHA,0.731392400,0.473202724
PDOIF,POHA,-0.823080000,0.993559689
PDOIF,AWS,-0.428570460,0.000026123
PDOIF,FOCW,-0.101513320,0.319466333
PDOIF,BKE,0.574086900,0.573431444
PDOIF,FOTCW,0.140091500,0.890725538
PDOIF,CIV,0.234745500,0.817926613
PDOIF,FS,-0.752980000,0.460241425
PDOIF,FA,0.637190000,0.532042429
PDOIF,NOCR,-0.793465000,0.436478070
PDOIF,BWOO,-0.130841400,0.897899934
PDOIF,BWOC,-0.662394200,0.515944480
PDOIF,TOMI,0.666725100,0.513204004
PDOIF,TFP,-0.228803330,0.000000000
PDOIF,TFT,-0.378627758,0.000000000
PDOIF,SPOF,-0.153911167,0.000000000
PDOIF,PDOIF,1.000000000,0.000000000
PDOIF,PDOUF,0.468637820,0.000004257
PDOIF,PDOCF,-0.629285800,0.537142737
PDOIF,OER,0.207077440,0.042254740
PDOIF,TCT,0.625226280,0.000000001
PDOIF,UROCG,-0.113054011,0.000000000
PDOIF,BGV,-0.731773610,0.000000000
PDOIF,TLOF,-0.178878100,0.860746617
PDOIF,API,-0.642711341,0.000000000
PDOIF,TOCW,0.472807300,0.642877507
PDOIF,SWS,-0.130021765,0.000000000
PDOIF,FOCG,-0.805697000,0.429439811
PDOIF,TOCA,0.101877780,0.317731883
PDOIF,AH,0.121422700,0.905213640
PDOUF,C_C,0.590851800,0.562287840
PDOUF,C_SI,-0.418656820,0.000039993
PDOUF,C_MN,0.425700600,0.676326196
PDOUF,C_P,-0.340790000,0.997333401
PDOUF,C_S1,-0.602326450,0.000000003
PDOUF,C_CU,0.296836200,0.770971379
PDOUF,C_MO,-0.119458160,0.241376050
PDOUF,C_CAO,0.103162310,0.311668171
PDOUF,C_SIO2,-0.540648000,0.595965541
PDOUF,C_MGO,-0.155441250,0.127387211
PDOUF,C_AL2O3,-0.166161550,0.103177659
PDOUF,C_FEO,-0.590372200,0.000000007
PDOUF,C_S2,0.117419010,0.249504190
PDOUF,BA,0.142118000,0.889154984
PDOUF,CCO,-0.247632990,0.015145510
PDOUF,CCO2,-0.404468329,0.000000000
PDOUF,CH2,-0.751578100,0.461077081
PDOUF,CN2,-0.990357400,0.331420839
PDOUF,C_SO2,0.673059800,0.509209255
PDOUF,PE,-0.329127000,0.746867976
PDOUF,FOCA,0.378854850,0.000201826
PDOUF,POCA,-0.268888347,0.000000000
PDOUF,OEF,-0.815926600,0.423604667
PDOUF,OEP,0.864524900,0.396524030
PDOUF,TOHA,0.391226800,0.701220742
PDOUF,POHA,0.647232600,0.525597836
PDOUF,AWS,0.566209739,0.000000000
PDOUF,FOCW,-0.401368400,0.693862339
PDOUF,BKE,0.773250000,0.939552935
PDOUF,FOTCW,0.175692340,0.084865445
PDOUF,CIV,0.123701390,0.225064142
PDOUF,FS,-0.253362200,0.803770932
PDOUF,FA,0.197952510,0.052199135
PDOUF,NOCR,0.567499600,0.577838464
PDOUF,BWOO,0.880996300,0.387588041
PDOUF,BWOC,-0.164134080,0.107451896
PDOUF,TOMI,0.330167470,0.001200348
PDOUF,TFP,0.352034050,0.000000000
PDOUF,TFT,0.211431344,0.000000000
PDOUF,SPOF,0.245062291,0.000000000
PDOUF,PDOIF,0.468637820,0.000004257
PDOUF,PDOUF,1.000000000,0.000000000
PDOUF,PDOCF,0.310362000,0.760846640
PDOUF,OER,0.185061210,0.069519374
PDOUF,TCT,0.569838970,0.000000022
PDOUF,UROCG,-0.376893381,0.000000000
PDOUF,BGV,0.881726000,0.387195008
PDOUF,TLOF,0.147217680,0.148788167
PDOUF,API,0.212896634,0.000000000
PDOUF,TOCW,0.106712880,0.295306810
PDOUF,SWS,-0.487984900,0.632248785
PDOUF,FOCG,-0.103024010,0.312317374
PDOUF,TOCA,0.135382090,0.184264860
PDOUF,AH,-0.759548500,0.456337489
PDOCF,C_C,-0.200665100,0.843991748
PDOCF,C_SI,0.164413800,0.106853992
PDOCF,C_MN,-0.523039400,0.607991734
PDOCF,C_P,-0.188428580,0.064593439
PDOCF,C_S1,0.914596700,0.369743875
PDOCF,C_CU,-0.721968600,0.478923159
PDOCF,C_MO,0.130069860,0.202084876
PDOCF,C_CAO,0.211140730,0.038371533
PDOCF,C_SIO2,0.953498200,0.349733661
PDOCF,C_MGO,0.880550200,0.387828425
PDOCF,C_AL2O3,0.166660900,0.870169979
PDOCF,C_FEO,0.113316170,0.266433060
PDOCF,C_S2,-0.942218300,0.355463831
PDOCF,BA,0.339797200,0.738955998
PDOCF,CCO,0.438873500,0.666904470
PDOCF,CCO2,0.158854200,0.876201222
PDOCF,CH2,-0.246769800,0.808776529
PDOCF,CN2,-0.124860450,0.220748648
PDOCF,C_SO2,0.213562400,0.834105963
PDOCF,PE,0.928451900,0.362536857
PDOCF,FOCA,0.589887900,0.562925665
PDOCF,POCA,-0.681907000,0.946682113
PDOCF,OEF,-0.119159560,0.242554499
PDOCF,OEP,-0.419536800,0.680752296
PDOCF,TOHA,-0.481132100,0.637038513
PDOCF,POHA,-0.146436000,0.150957379
PDOCF,AWS,0.851020100,0.403942552
PDOCF,FOCW,-0.141422950,0.165445432
PDOCF,BKE,-0.129408300,0.899012225
PDOCF,FOTCW,0.389764100,0.702284346
PDOCF,CIV,-0.316880080,0.001881114
PDOCF,FS,-0.118405930,0.245546720
PDOCF,FA,0.586927800,0.564886697
PDOCF,NOCR,0.124934600,0.902485622
PDOCF,BWOO,0.946038700,0.353516490
PDOCF,BWOC,0.121598840,0.233045666
PDOCF,TOMI,0.205366000,0.983931655
PDOCF,TFP,0.896427600,0.379328679
PDOCF,TFT,0.723441000,0.943439940
PDOCF,SPOF,-0.692453200,0.497081446
PDOCF,PDOIF,-0.629285800,0.537142737
PDOCF,PDOUF,0.310362000,0.760846640
PDOCF,PDOCF,1.000000000,0.000000000
PDOCF,OER,-0.134097630,0.188463131
PDOCF,TCT,-0.146360750,0.151167472
PDOCF,UROCG,-0.129215300,0.205065006
PDOCF,BGV,0.779104200,0.444825438
PDOCF,TLOF,-0.141308510,0.165787976
PDOCF,API,0.831430300,0.414850112
PDOCF,TOCW,0.387364200,0.704030719
PDOCF,SWS,0.509339400,0.617422546
PDOCF,FOCG,-0.149930800,0.883104029
PDOCF,TOCA,0.421704800,0.679194273
PDOCF,AH,0.419187600,0.681003418
OER,C_C,0.402446800,0.693081591
OER,C_SI,-0.886582405,0.000000000
OER,C_MN,-0.182819000,0.985695589
OER,C_P,0.183073100,0.857515376
OER,C_S1,-0.673059878,0.000000000
OER,C_CU,0.608512800,0.550662944
OER,C_MO,0.605253900,0.552799087
OER,C_CAO,0.159407780,0.117960141
OER,C_SIO2,-0.162436400,0.111137713
OER,C_MGO,0.135989960,0.182302324
OER,C_AL2O3,0.106500140,0.296270641
OER,C_FEO,-0.671977514,0.000000000
OER,C_S2,0.166802150,0.101855626
OER,BA,0.104463770,0.305602864
OER,CCO,0.184241390,0.070764226
OER,CCO2,-0.208473400,0.040884744
OER,CH2,-0.250488000,0.980401882
OER,CN2,0.838663400,0.410802619
OER,C_SO2,0.821242700,0.420590701
OER,PE,0.113587730,0.265288737
OER,FOCA,-0.216128950,0.034022964
OER,POCA,0.325104162,0.000000000
OER,OEF,0.918504500,0.367702202
OER,OEP,0.355917000,0.972156024
OER,TOHA,-0.355723200,0.727198346
OER,POHA,-0.690974500,0.498000671
OER,AWS,0.205407850,0.043944083
OER,FOCW,-0.255059700,0.802483329
OER,BKE,0.144078620,0.157645171
OER,FOTCW,-0.671959300,0.509902034
OER,CIV,0.390995900,0.701388584
OER,FS,0.115831590,0.255962759
OER,FA,0.115225200,0.910030480
OER,NOCR,-0.758505200,0.456956311
OER,BWOO,-0.517320000,0.995952115
OER,BWOC,-0.135615300,0.183510078
OER,TOMI,0.585405427,0.000000000
OER,TFP,0.301592563,0.000000000
OER,TFT,0.182585800,0.857890604
OER,SPOF,0.228624500,0.822594089
OER,PDOIF,0.207077440,0.042254740
OER,PDOUF,0.185061210,0.069519374
OER,PDOCF,-0.134097630,0.188463131
OER,OER,1.000000000,0.000000000
OER,TCT,0.766777823,0.000000000
OER,UROCG,0.300944144,0.000000000
OER,BGV,0.105419840,0.301197403
OER,TLOF,0.949695763,0.000000000
OER,API,-0.256503929,0.000000000
OER,TOCW,-0.618798600,0.543947489
OER,SWS,0.392684200,0.700161580
OER,FOCG,0.991973300,0.330632448
OER,TOCA,-0.478799100,0.638672637
OER,AH,-0.522726900,0.608206107
TCT,C_C,0.408280900,0.688863356
TCT,C_SI,-0.876823195,0.000000000
TCT,C_MN,-0.274720500,0.787609774
TCT,C_P,0.146026600,0.152103063
TCT,C_S1,-0.866624216,0.000000000
TCT,C_CU,0.125450870,0.218573275
TCT,C_MO,-0.271589100,0.789973643
TCT,C_CAO,0.491901900,0.629517969
TCT,C_SIO2,-0.148393480,0.145570190
TCT,C_MGO,0.108965780,0.285228948
TCT,C_AL2O3,0.780414800,0.444059906
TCT,C_FEO,-0.863630823,0.000000000
TCT,C_S2,0.639512000,0.949992509
TCT,BA,0.156467230,0.124894368
TCT,CCO,0.492024330,0.000001378
TCT,CCO2,-0.445892780,0.000012144
TCT,CH2,-0.529131400,0.603818826
TCT,CN2,0.916469700,0.368764421
TCT,C_SO2,0.189107000,0.985203679
TCT,PE,-0.331723500,0.744940166
TCT,FOCA,-0.587410340,0.000000008
TCT,POCA,0.360616028,0.000000000
TCT,OEF,0.360352000,0.723792920
TCT,OEP,0.135603420,0.183548492
TCT,TOHA,0.105860970,0.299179075
TCT,POHA,-0.453177100,0.656733278
TCT,AWS,0.682437860,0.000000000
TCT,FOCW,-0.760755700,0.455621982
TCT,BKE,0.941980400,0.355585294
TCT,FOTCW,0.133748210,0.189617313
TCT,CIV,-0.492800600,0.628892064
TCT,FS,0.438887800,0.666894308
TCT,FA,0.444816000,0.965205223
TCT,NOCR,-0.429642000,0.673501770
TCT,BWOO,-0.798744600,0.433432065
TCT,BWOC,-0.103050480,0.312193055
TCT,TOMI,0.591272327,0.000000000
TCT,TFP,0.394058122,0.000000000
TCT,TFT,0.482304100,0.636218308
TCT,SPOF,0.221229000,0.982690704
TCT,PDOIF,0.625226280,0.000000001
TCT,PDOUF,0.569838970,0.000000022
TCT,PDOCF,-0.146360750,0.151167472
TCT,OER,0.766777823,0.000000000
TCT,TCT,1.000000000,0.000000000
TCT,UROCG,0.331407063,0.000000000
TCT,BGV,0.809349800,0.427350864
TCT,TLOF,0.705937353,0.000000000
TCT,API,-0.154376677,0.000000000
TCT,TOCW,-0.172259220,0.091132885
TCT,SWS,0.190388150,0.061861940
TCT,FOCG,0.577933500,0.570865378
TCT,TOCA,-0.964816000,0.924617889
TCT,AH,0.427969100,0.674700015
UROCG,C_C,0.176761900,0.862377473
UROCG,C_SI,-0.345348406,0.000000000
UROCG,C_MN,0.437548300,0.667849966
UROCG,C_P,0.460409200,0.651614512
UROCG,C_S1,-0.343045541,0.000000000
UROCG,C_CU,0.125257380,0.219284482
UROCG,C_MO,-0.379048000,0.710094326
UROCG,C_CAO,0.248920000,0.807143033
UROCG,C_SIO2,0.315290000,0.757167822
UROCG,C_MGO,0.104284720,0.306432624
UROCG,C_AL2O3,0.767297400,0.451755918
UROCG,C_FEO,-0.343222738,0.000000000
UROCG,C_S2,-0.126132260,0.216081962
UROCG,BA,0.229832220,0.024181330
UROCG,CCO,-0.431476859,0.000000000
UROCG,CCO2,0.405458807,0.000000000
UROCG,CH2,0.729378000,0.474422381
UROCG,CN2,0.196571770,0.053862212
UROCG,C_SO2,-0.741803200,0.466927121
UROCG,PE,-0.356364000,0.972121022
UROCG,FOCA,-0.922003600,0.000000000
UROCG,POCA,0.129958848,0.000000000
UROCG,OEF,0.618895100,0.543884636
UROCG,OEP,0.333117600,0.743905747
UROCG,TOHA,-0.300475700,0.768243099
UROCG,POHA,-0.162821270,0.110293484
UROCG,AWS,-0.573584558,0.000000000
UROCG,FOCW,0.190458000,0.851832991
UROCG,BKE,0.257501500,0.800632048
UROCG,FOTCW,0.172476900,0.865681629
UROCG,CIV,0.695159000,0.495401660
UROCG,FS,0.712340500,0.484806410
UROCG,FA,-0.840686000,0.934292757
UROCG,NOCR,-0.629401700,0.537067750
UROCG,BWOO,-0.509815600,0.617093727
UROCG,BWOC,-0.143030700,0.888447720
UROCG,TOMI,0.231906167,0.000000000
UROCG,TFP,-0.100948464,0.000000000
UROCG,TFT,-0.178093572,0.000000000
UROCG,SPOF,-0.212858395,0.000000000
UROCG,PDOIF,-0.113054011,0.000000000
UROCG,PDOUF,-0.376893381,0.000000000
UROCG,PDOCF,-0.129215300,0.205065006
UROCG,OER,0.300944144,0.000000000
UROCG,TCT,0.331407063,0.000000000
UROCG,UROCG,1.000000000,0.000000000
UROCG,BGV,-0.746947000,0.463843537
UROCG,TLOF,0.268672275,0.000000000
UROCG,API,0.232372970,0.022657389
UROCG,TOCW,-0.299322201,0.000000000
UROCG,SWS,-0.438524097,0.000000000
UROCG,FOCG,0.138154540,0.175439735
UROCG,TOCA,-0.800328100,0.432520894
UROCG,AH,0.657463100,0.519074008
BGV,C_C,0.167018900,0.869893586
BGV,C_SI,-0.618983100,0.543827411
BGV,C_MN,0.991917900,0.330659459
BGV,C_P,0.415915100,0.683358138
BGV,C_S1,0.107645670,0.291105595
BGV,C_CU,-0.628272300,0.537798472
BGV,C_MO,-0.104949290,0.303360334
BGV,C_CAO,0.184217590,0.070800634
BGV,C_SIO2,0.147746380,0.147334548
BGV,C_MGO,0.846434300,0.406480376
BGV,C_AL2O3,0.453634700,0.656408914
BGV,C_FEO,0.847406700,0.405941456
BGV,C_S2,0.346221000,0.734206017
BGV,BA,-0.470246500,0.644678132
BGV,CCO,-0.434624500,0.669937879
BGV,CCO2,0.254061000,0.803240819
BGV,CH2,0.463375000,0.649520123
BGV,CN2,-0.562670700,0.581079174
BGV,C_SO2,-0.509043400,0.617627027
BGV,PE,0.828780500,0.416338754
BGV,FOCA,0.146710778,0.000000000
BGV,POCA,0.111648450,0.273535184
BGV,OEF,0.766330400,0.452326236
BGV,OEP,0.192197280,0.059425687
BGV,TOHA,0.229330800,0.822055225
BGV,POHA,0.905664500,0.374436919
BGV,AWS,-0.259283600,0.799281626
BGV,FOCW,0.157821710,0.121661822
BGV,BKE,0.118905000,0.990696206
BGV,FOTCW,0.645648700,0.526611621
BGV,CIV,0.143139800,0.160370224
BGV,FS,-0.557952800,0.584253554
BGV,FA,0.926163800,0.363720963
BGV,NOCR,0.212031780,0.037561770
BGV,BWOO,0.798506300,0.433569321
BGV,BWOC,-0.134045510,0.188634955
BGV,TOMI,0.385272790,0.000156999
BGV,TFP,0.742902560,0.000000000
BGV,TFT,-0.425570600,0.676419396
BGV,SPOF,-0.238268000,0.815243516
BGV,PDOIF,-0.731773610,0.000000000
BGV,PDOUF,0.881726000,0.387195008
BGV,PDOCF,0.779104200,0.444825438
BGV,OER,0.105419840,0.301197403
BGV,TCT,0.809349800,0.427350864
BGV,UROCG,-0.746947000,0.463843537
BGV,BGV,1.000000000,0.000000000
BGV,TLOF,0.546873310,0.000000080
BGV,API,0.954112650,0.000000000
BGV,TOCW,-0.116761400,0.252165797
BGV,SWS,-0.154583100,0.879504062
BGV,FOCG,-0.124347020,0.222652906
BGV,TOCA,-0.154803770,0.128955480
BGV,AH,-0.102751500,0.919735223
TLOF,C_C,0.309483000,0.975787446
TLOF,C_SI,-0.836531248,0.000000000
TLOF,C_MN,0.112634500,0.912045019
TLOF,C_P,0.774578000,0.939449367
TLOF,C_S1,-0.594422111,0.000000000
TLOF,C_CU,0.619628000,0.951545426
TLOF,C_MO,0.873727700,0.391516127
TLOF,C_CAO,0.203578600,0.045860080
TLOF,C_SIO2,-0.178989830,0.079178368
TLOF,C_MGO,0.117774300,0.248074399
TLOF,C_AL2O3,0.109022400,0.284978697
TLOF,C_FEO,-0.596840712,0.000000000
TLOF,C_S2,0.170007520,0.095441904
TLOF,BA,0.116185410,0.254513260
TLOF,CCO,0.175247090,0.085658072
TLOF,CCO2,-0.153682170,0.131751104
TLOF,CH2,-0.262142000,0.979490274
TLOF,CN2,-0.125830000,0.999015396
TLOF,C_SO2,0.412274600,0.685981349
TLOF,PE,0.941904000,0.355624317
TLOF,FOCA,0.156018840,0.125979121
TLOF,POCA,0.300577542,0.000000000
TLOF,OEF,0.885509600,0.385161116
TLOF,OEP,-0.129102500,0.899249556
TLOF,TOHA,-0.645078800,0.526976617
TLOF,POHA,-0.971693200,0.340614970
TLOF,AWS,0.159413830,0.117946199
TLOF,FOCW,0.832731000,0.934913117
TLOF,BKE,0.114746670,0.260443072
TLOF,FOTCW,-0.882920200,0.386552368
TLOF,CIV,0.979993600,0.336506115
TLOF,FS,0.127841470,0.209922739
TLOF,FA,-0.823810000,0.993553981
TLOF,NOCR,-0.851385500,0.403740741
TLOF,BWOO,0.747530000,0.941559911
TLOF,BWOC,-0.173311830,0.089172891
TLOF,TOMI,0.561687422,0.000000000
TLOF,TFP,0.283778183,0.000000000
TLOF,TFT,0.991640000,0.992240784
TLOF,SPOF,0.329221800,0.746797533
TLOF,PDOIF,-0.178878100,0.860746617
TLOF,PDOUF,0.147217680,0.148788167
TLOF,PDOCF,-0.141308510,0.165787976
TLOF,OER,0.949695763,0.000000000
TLOF,TCT,0.705937353,0.000000000
TLOF,UROCG,0.268672275,0.000000000
TLOF,BGV,0.546873310,0.000000080
TLOF,TLOF,1.000000000,0.000000000
TLOF,API,-0.241139381,0.000000000
TLOF,TOCW,-0.567280400,0.577985360
TLOF,SWS,0.566330700,0.578622120
TLOF,FOCG,0.138651290,0.173892372
TLOF,TOCA,-0.495048600,0.627327800
TLOF,AH,-0.678041700,0.506079025
API,C_C,0.554974000,0.956596063
API,C_SI,0.202157782,0.000000000
API,C_MN,-0.299745900,0.768789944
API,C_P,0.126686410,0.214070971
API,C_S1,0.111012337,0.000000000
API,C_CU,0.206436700,0.839564655
API,C_MO,-0.150989920,0.138653162
API,C_CAO,0.590133000,0.953849266
API,C_SIO2,-0.329638000,0.974211125
API,C_MGO,-0.850714900,0.404111137
API,C_AL2O3,0.968265000,0.924349245
API,C_FEO,0.118678765,0.000000000
API,C_S2,0.786261200,0.440654021
API,BA,0.145289710,0.154181860
API,CCO,-0.210655469,0.000000000
API,CCO2,-0.450853020,0.000009702
API,CH2,-0.430399400,0.672959515
API,CN2,-0.667263200,0.512864012
API,C_SO2,0.787927000,0.938407860
API,PE,-0.130728720,0.199808865
API,FOCA,0.687864647,0.000000000
API,POCA,-0.769093716,0.000000000
API,OEF,0.581142300,0.568728971
API,OEP,-0.805402700,0.429608386
API,TOHA,-0.352068100,0.729891219
API,POHA,0.172560000,0.865617502
API,AWS,0.697959410,0.000000000
API,FOCW,0.175139000,0.863628617
API,BKE,-0.402529500,0.693021717
API,FOTCW,0.733772300,0.471764083
API,CIV,0.573378500,0.573904579
API,FS,0.192809000,0.984914045
API,FA,0.362194500,0.722438867
API,NOCR,0.126167690,0.215952985
API,BWOO,0.152261000,0.988086378
API,BWOC,0.556815600,0.585019954
API,TOMI,-0.100016900,0.000000000
API,TFP,0.409323715,0.000000000
API,TFT,0.328228188,0.000000000
API,SPOF,0.650895600,0.000000000
API,PDOIF,-0.642711341,0.000000000
API,PDOUF,0.212896634,0.000000000
API,PDOCF,0.831430300,0.414850112
API,OER,-0.256503929,0.000000000
API,TCT,-0.154376677,0.000000000
API,UROCG,0.232372970,0.022657389
API,BGV,0.954112650,0.000000000
API,TLOF,-0.241139381,0.000000000
API,API,1.000000000,0.000000000
API,TOCW,-0.114887160,0.259859875
API,SWS,0.157865250,0.000000000
API,FOCG,0.218168600,0.830581639
API,TOCA,0.756037300,0.458422034
API,AH,0.543637200,0.593934785
TOCW,C_C,0.391400000,0.996937431
TOCW,C_SI,0.128203530,0.208634514
TOCW,C_MN,0.407672800,0.689302601
TOCW,C_P,0.644278000,0.949620312
TOCW,C_S1,0.164142840,0.107433129
TOCW,C_CU,0.989613000,0.331784414
TOCW,C_MO,0.113529950,0.265531934
TOCW,C_CAO,-0.203865200,0.841536515
TOCW,C_SIO2,-0.692357500,0.497140896
TOCW,C_MGO,-0.850146500,0.404425265
TOCW,C_AL2O3,-0.712692000,0.944278941
TOCW,C_FEO,0.203152710,0.046316119
TOCW,C_S2,-0.537926600,0.597817068
TOCW,BA,-0.402675500,0.692916056
TOCW,CCO,-0.570730700,0.575674783
TOCW,CCO2,-0.271562064,0.000000000
TOCW,CH2,0.128249600,0.899911636
TOCW,CN2,-0.799737600,0.432860538
TOCW,C_SO2,0.739250300,0.468461741
TOCW,PE,-0.319009340,0.001752326
TOCW,FOCA,-0.835543900,0.412545357
TOCW,POCA,-0.427811400,0.674813030
TOCW,OEF,0.442075500,0.664622186
TOCW,OEP,0.626449700,0.538978754
TOCW,TOHA,-0.127222900,0.900708704
TOCW,POHA,-0.480809900,0.637264082
TOCW,AWS,0.385241286,0.000000000
TOCW,FOCW,0.846565700,0.406407531
TOCW,BKE,0.454824800,0.655565592
TOCW,FOTCW,0.152171700,0.881369683
TOCW,CIV,-0.285491010,0.005104749
TOCW,FS,-0.533815600,0.600618980
TOCW,FA,0.535933000,0.958083826
TOCW,NOCR,-0.798750500,0.433428701
TOCW,BWOO,-0.113819250,0.264315786
TOCW,BWOC,-0.160913600,0.114528088
TOCW,TOMI,-0.190520500,0.851784926
TOCW,TFP,-0.778101200,0.445411801
TOCW,TFT,0.459852220,0.000006419
TOCW,SPOF,0.516300848,0.000000000
TOCW,PDOIF,0.472807300,0.642877507
TOCW,PDOUF,0.106712880,0.295306810
TOCW,PDOCF,0.387364200,0.704030719
TOCW,OER,-0.618798600,0.543947489
TOCW,TCT,-0.172259220,0.091132885
TOCW,UROCG,-0.299322201,0.000000000
TOCW,BGV,-0.116761400,0.252165797
TOCW,TLOF,-0.567280400,0.577985360
TOCW,API,-0.114887160,0.259859875
TOCW,TOCW,1.000000000,0.000000000
TOCW,SWS,-0.579953900,0.569519774
TOCW,FOCG,0.192011850,0.059671676
TOCW,TOCA,0.912860100,0.370653413
TOCW,AH,-0.110408860,0.278897195
SWS,C_C,0.339762300,0.738981827
SWS,C_SI,-0.917227700,0.368368517
SWS,C_MN,-0.124781370,0.221041168
SWS,C_P,-0.314521000,0.757741549
SWS,C_S1,-0.110044570,0.280486494
SWS,C_CU,-0.990045400,0.331573198
SWS,C_MO,-0.367615700,0.718460027
SWS,C_CAO,0.918230000,0.928247663
SWS,C_SIO2,-0.116507400,0.253199121
SWS,C_MGO,-0.853204000,0.933316652
SWS,C_AL2O3,0.793503300,0.436455905
SWS,C_FEO,-0.953000900,0.349985080
SWS,C_S2,0.470190000,0.644717880
SWS,BA,-0.419336600,0.680896283
SWS,CCO,0.686814530,0.000000000
SWS,CCO2,0.916676700,0.368656257
SWS,CH2,-0.122052260,0.231307674
SWS,CN2,-0.119586990,0.240868879
SWS,C_SO2,0.155954300,0.878443448
SWS,PE,0.146593570,0.150518172
SWS,FOCA,0.447222327,0.000000000
SWS,POCA,-0.244022984,0.000000000
SWS,OEF,0.563816100,0.580309691
SWS,OEP,-0.562066400,0.581485354
SWS,TOHA,0.839631900,0.410262435
SWS,POHA,0.169974910,0.095505479
SWS,AWS,-0.101453300,0.319752574
SWS,FOCW,0.237869900,0.815546643
SWS,BKE,-0.284545400,0.780205739
SWS,FOTCW,-0.407041400,0.689758736
SWS,CIV,-0.822254400,0.420018552
SWS,FS,0.104187290,0.306884794
SWS,FA,0.519479500,0.610436144
SWS,NOCR,0.219841700,0.829302275
SWS,BWOO,-0.173793000,0.986401750
SWS,BWOC,0.141063580,0.166522876
SWS,TOMI,0.240900200,0.813239948
SWS,TFP,0.200458587,0.000000000
SWS,TFT,-0.115431350,0.257609316
SWS,SPOF,-0.298728062,0.000000000
SWS,PDOIF,-0.130021765,0.000000000
SWS,PDOUF,-0.487984900,0.632248785
SWS,PDOCF,0.509339400,0.617422546
SWS,OER,0.392684200,0.700161580
SWS,TCT,0.190388150,0.061861940
SWS,UROCG,-0.438524097,0.000000000
SWS,BGV,-0.154583100,0.879504062
SWS,TLOF,0.566330700,0.578622120
SWS,API,0.157865250,0.000000000
SWS,TOCW,-0.579953900,0.569519774
SWS,SWS,1.000000000,0.000000000
SWS,FOCG,-0.445738100,0.662015310
SWS,TOCA,0.306598800,0.763659581
SWS,AH,0.955923500,0.348509312
FOCG,C_C,-0.143666480,0.158837112
FOCG,C_SI,-0.785892700,0.440868249
FOCG,C_MN,-0.682058600,0.503562559
FOCG,C_P,-0.735022500,0.471009255
FOCG,C_S1,-0.128694560,0.206896601
FOCG,C_CU,0.557675500,0.584440380
FOCG,C_MO,-0.518165100,0.611339725
FOCG,C_CAO,0.701623500,0.491400798
FOCG,C_SIO2,0.802929400,0.431026459
FOCG,C_MGO,-0.114260700,0.910780473
FOCG,C_AL2O3,0.318912210,0.001758020
FOCG,C_FEO,-0.585653000,0.565732288
FOCG,C_S2,0.130611100,0.200213792
FOCG,BA,0.452128500,0.657476813
FOCG,CCO,-0.403124900,0.692590789
FOCG,CCO2,-0.974126000,0.923892713
FOCG,CH2,-0.250260800,0.806124836
FOCG,CN2,-0.367628400,0.718450725
FOCG,C_SO2,0.399529300,0.695194622
FOCG,PE,-0.202414520,0.047115623
FOCG,FOCA,0.145299400,0.154154381
FOCG,POCA,-0.104427980,0.305768609
FOCG,OEF,0.191063000,0.851367797
FOCG,OEP,0.764302300,0.453523695
FOCG,TOHA,0.306382000,0.976029935
FOCG,POHA,0.367124000,0.718820589
FOCG,AWS,-0.105590800,0.300414108
FOCG,FOCW,0.634035000,0.950420190
FOCG,BKE,-0.740206000,0.467886880
FOCG,FOTCW,-0.343037600,0.736558683
FOCG,CIV,0.838715000,0.934446484
FOCG,FS,-0.441272400,0.665194266
FOCG,FA,-0.946185900,0.353441567
FOCG,NOCR,0.109340990,0.283573364
FOCG,BWOO,0.652566000,0.948973080
FOCG,BWOC,-0.601252100,0.555427745
FOCG,TOMI,0.143247150,0.160056831
FOCG,TFP,-0.295103800,0.772271041
FOCG,TFT,0.391813200,0.700794519
FOCG,SPOF,0.124464880,0.222214746
FOCG,PDOIF,-0.805697000,0.429439811
FOCG,PDOUF,-0.103024010,0.312317374
FOCG,PDOCF,-0.149930800,0.883104029
FOCG,OER,0.991973300,0.330632448
FOCG,TCT,0.577933500,0.570865378
FOCG,UROCG,0.138154540,0.175439735
FOCG,BGV,-0.124347020,0.222652906
FOCG,TLOF,0.138651290,0.173892372
FOCG,API,0.218168600,0.830581639
FOCG,TOCW,0.192011850,0.059671676
FOCG,SWS,-0.445738100,0.662015310
FOCG,FOCG,1.000000000,0.000000000
FOCG,TOCA,-0.674514200,0.508294365
FOCG,AH,-0.108421320,0.287642873
TOCA,C_C,0.123025670,0.227607697
TOCA,C_SI,-0.208761000,0.983666068
TOCA,C_MN,0.490067000,0.961668155
TOCA,C_P,0.214901750,0.035051735
TOCA,C_S1,0.258386200,0.799961575
TOCA,C_CU,0.465200700,0.648232173
TOCA,C_MO,-0.358736700,0.724980709
TOCA,C_CAO,0.962887000,0.924768197
TOCA,C_SIO2,0.105164340,0.302370578
TOCA,C_MGO,-0.629403000,0.950781942
TOCA,C_AL2O3,0.622924700,0.541265113
TOCA,C_FEO,-0.700513300,0.492086650
TOCA,C_S2,-0.470968000,0.963160962
TOCA,BA,-0.386902100,0.704367152
TOCA,CCO,-0.433741400,0.670568984
TOCA,CCO2,-0.110479390,0.278590198
TOCA,CH2,0.106969700,0.294146070
TOCA,CN2,-0.104702200,0.918216694
TOCA,C_SO2,0.113986500,0.910993623
TOCA,PE,-0.615089000,0.951899920
TOCA,FOCA,0.256707900,0.801233608
TOCA,POCA,-0.607026900,0.551636425
TOCA,OEF,0.104813880,0.303984656
TOCA,OEP,-0.684426400,0.502082301
TOCA,TOHA,0.365655900,0.719897531
TOCA,POHA,0.203982740,0.045430828
TOCA,AWS,0.320216500,0.753495632
TOCA,FOCW,0.154888490,0.128746199
TOCA,BKE,0.237586400,0.815762488
TOCA,FOTCW,-0.419502700,0.680776809
TOCA,CIV,0.423271000,0.678069524
TOCA,FS,-0.150771990,0.139223803
TOCA,FA,-0.154261570,0.130301115
TOCA,NOCR,0.127779120,0.210145187
TOCA,BWOO,-0.123229120,0.226839731
TOCA,BWOC,0.684373900,0.502115076
TOCA,TOMI,0.852836600,0.402939856
TOCA,TFP,0.165787100,0.870844730
TOCA,TFT,-0.330666600,0.745724676
TOCA,SPOF,-0.681675100,0.503802538
TOCA,PDOIF,0.101877780,0.317731883
TOCA,PDOUF,0.135382090,0.184264860
TOCA,PDOCF,0.421704800,0.679194273
TOCA,OER,-0.478799100,0.638672637
TOCA,TCT,-0.964816000,0.924617889
TOCA,UROCG,-0.800328100,0.432520894
TOCA,BGV,-0.154803770,0.128955480
TOCA,TLOF,-0.495048600,0.627327800
TOCA,API,0.756037300,0.458422034
TOCA,TOCW,0.912860100,0.370653413
TOCA,SWS,0.306598800,0.763659581
TOCA,FOCG,-0.674514200,0.508294365
TOCA,TOCA,1.000000000,0.000000000
TOCA,AH,0.844428200,0.407593574
AH,C_C,0.474127200,0.641950288
AH,C_SI,0.262124600,0.797130080
AH,C_MN,-0.166058000,0.870635511
AH,C_P,0.565640500,0.579085087
AH,C_S1,0.464569700,0.648677178
AH,C_CU,0.136299220,0.181309832
AH,C_MO,0.167547700,0.869485398
AH,C_CAO,-0.731060000,0.942845283
AH,C_SIO2,0.132920110,0.192373461
AH,C_MGO,0.894363700,0.380427045
AH,C_AL2O3,0.121445700,0.905195812
AH,C_FEO,-0.329966300,0.746244672
AH,C_S2,0.304530700,0.765206780
AH,BA,-0.318580980,0.001777565
AH,CCO,0.100207840,0.325729772
AH,CCO2,0.743032100,0.466189388
AH,CH2,0.186883100,0.854582799
AH,CN2,-0.761302600,0.455298069
AH,C_SO2,-0.592382800,0.561275402
AH,PE,0.109744380,0.281800737
AH,FOCA,0.159573260,0.117579078
AH,POCA,-0.946449800,0.353307356
AH,OEF,-0.848979600,0.405070599
AH,OEP,0.109211320,0.284144797
AH,TOHA,-0.332120400,0.744645610
AH,POHA,0.469375500,0.645291072
AH,AWS,-0.181032120,0.075814252
AH,FOCW,-0.784966500,0.441406945
AH,BKE,-0.962574900,0.345165534
AH,FOTCW,0.239306670,0.018915650
AH,CIV,-0.756432000,0.940865264
AH,FS,-0.167169210,0.101104217
AH,FA,0.130959720,0.199015298
AH,NOCR,0.106691780,0.295402328
AH,BWOO,-0.524095000,0.959008825
AH,BWOC,-0.106195170,0.297655967
AH,TOMI,-0.291286800,0.775136844
AH,TFP,0.136902500,0.893197987
AH,TFT,0.699158200,0.492924532
AH,SPOF,-0.467203000,0.646820875
AH,PDOIF,0.121422700,0.905213640
AH,PDOUF,-0.759548500,0.456337489
AH,PDOCF,0.419187600,0.681003418
AH,OER,-0.522726900,0.608206107
AH,TCT,0.427969100,0.674700015
AH,UROCG,0.657463100,0.519074008
AH,BGV,-0.102751500,0.919735223
AH,TLOF,-0.678041700,0.506079025
AH,API,0.543637200,0.593934785
AH,TOCW,-0.110408860,0.278897195
AH,SWS,0.955923500,0.348509312
AH,FOCG,-0.108421320,0.287642873
AH,TOCA,0.844428200,0.407593574
AH,AH,1.000000000,0.000000000
